time,pot,gsw,vpdleaf,phips2,rh_s,tref,tleaf,p_atm,leak_pct,qamb,row_let,treatment,transplantation,germination,date,daysfromgermination,plant,logitps2,minutesfromstart
11:41:25,1,0.325025,1.507165,0.641307,68.81,22.45,26.05,97.84,0.5,315,A,Control,FALSE,FALSE,2024-05-28T00:00:00Z,27,A1,0.5810414119906372,0
11:41:35,2,0.629396,1.136605,0.684596,71.81,22.5,24.58,97.84,0.5,165,A,Control,FALSE,FALSE,2024-05-28T00:00:00Z,27,A2,0.7749745264943885,0.17
11:41:43,3,0.507817,1.220063,0.675846,72.15,22.54,25.1,97.84,0.8,163,A,Control,FALSE,FALSE,2024-05-28T00:00:00Z,27,A3,0.7347465279283554,0.3
11:41:50,4,0.540391,1.187201,0.66737,72.67,22.57,25.02,97.84,0.5,317,A,Control,FALSE,FALSE,2024-05-28T00:00:00Z,27,A4,0.6963138536248238,0.42
11:41:59,5,0.489973,1.264705,0.683359,73.33,22.61,25.54,97.85,0.4,248,A,Control,FALSE,FALSE,2024-05-28T00:00:00Z,27,A5,0.7692517037246025,0.57
11:42:07,6,0.398043,1.419456,0.662669,73.03,22.65,26.3,97.85,0.4,294,A,Control,FALSE,FALSE,2024-05-28T00:00:00Z,27,A6,0.6752109755096397,0.7
11:42:13,7,0.462834,1.302787,0.675701,73.42,22.68,25.8,97.85,0.9,188,A,Control,FALSE,FALSE,2024-05-28T00:00:00Z,27,A7,0.7340847407598382,0.8
11:42:20,8,0.384222,1.404945,0.671259,73.18,22.72,26.3,97.86,0.6,244,A,Control,FALSE,FALSE,2024-05-28T00:00:00Z,27,A8,0.7138848468630422,0.92
11:42:26,9,0.498173,1.315044,0.667114,74.26,22.75,26.02,97.86,0.5,213,A,Control,FALSE,FALSE,2024-05-28T00:00:00Z,27,A9,0.6951608568285415,1.02
11:42:32,10,0.465321,1.401364,0.692133,74.92,22.79,26.56,97.86,0.6,178,A,Control,FALSE,FALSE,2024-05-28T00:00:00Z,27,A10,0.8101102621506376,1.12
11:42:40,11,0.619811,1.139205,0.664715,75.7,22.83,25.38,97.86,0.3,189,A,Control,FALSE,FALSE,2024-05-28T00:00:00Z,27,A11,0.6843774609500668,1.25
11:42:49,12,0.655468,1.259593,0.688817,77.12,22.88,26.22,97.85,6,201,A,Control,FALSE,FALSE,2024-05-28T00:00:00Z,27,A12,0.7945944698501523,1.4
11:43:28,1,0.437534,1.0707,0.652182,72.4,23.11,24.71,97.87,1.2,425,B,Transplantation,TRUE,FALSE,2024-05-28T00:00:00Z,27,B1,0.6286443096157804,2.05
11:44:11,2,0.26768,1.207484,0.661327,69.56,23.37,25.18,97.85,1.2,414,B,Transplantation,TRUE,FALSE,2024-05-28T00:00:00Z,27,B2,0.6692133824350875,2.77
11:44:20,3,0.28571,1.220075,0.669343,70.05,23.42,25.35,97.85,0.6,432,B,Transplantation,TRUE,FALSE,2024-05-28T00:00:00Z,27,B3,0.7052150499518204,2.92
11:44:27,4,0.263927,1.227908,0.659128,70.2,23.46,25.44,97.85,0.7,427,B,Transplantation,TRUE,FALSE,2024-05-28T00:00:00Z,27,B4,0.6594107090820556,3.03
11:44:42,5,0.27689,1.227475,0.646974,69.98,23.56,25.46,97.85,0.7,462,B,Transplantation,TRUE,FALSE,2024-05-28T00:00:00Z,27,B5,0.6057643996101564,3.28
11:44:53,6,0.280216,1.261475,0.66807,70.21,23.62,25.71,97.85,0.6,421,B,Transplantation,TRUE,FALSE,2024-05-28T00:00:00Z,27,B6,0.6994688551532695,3.47
11:45:03,7,0.236538,1.380327,0.656368,69.87,23.68,26.29,97.85,0.7,415,B,Transplantation,TRUE,FALSE,2024-05-28T00:00:00Z,27,B7,0.6471502899439091,3.63
11:45:10,8,0.315136,1.286138,0.634617,70.92,23.72,26,97.86,1,441,B,Transplantation,TRUE,FALSE,2024-05-28T00:00:00Z,27,B8,0.55207554881375,3.75
11:45:18,9,0.278071,1.188354,0.677031,70.19,23.77,25.43,97.86,0.5,361,B,Transplantation,TRUE,FALSE,2024-05-28T00:00:00Z,27,B9,0.7401607187305004,3.88
11:45:25,10,0.277323,1.305356,0.653843,70.26,23.81,26.06,97.86,1.1,406,B,Transplantation,TRUE,FALSE,2024-05-28T00:00:00Z,27,B10,0.6359748321093462,4
11:45:34,11,0.27187,1.02285,0.68343,69.23,23.86,24.46,97.86,0.8,373,B,Transplantation,TRUE,FALSE,2024-05-28T00:00:00Z,27,B11,0.7695798507076729,4.15
11:45:39,12,0.213702,1.336119,0.66076,69.23,23.89,26.11,97.86,0.7,390,B,Transplantation,TRUE,FALSE,2024-05-28T00:00:00Z,27,B12,0.6666828661934406,4.23
11:45:52,1,0.246143,1.304146,0.686505,69.32,23.96,26,97.86,1,281,C,Germination,FALSE,TRUE,2024-05-28T00:00:00Z,27,C1,0.7838300975202251,4.45
11:46:03,2,0.345852,1.158083,0.68069,69.8,24.01,25.37,97.86,0.8,158,C,Germination,FALSE,TRUE,2024-05-28T00:00:00Z,27,C2,0.7569445718469223,4.63
11:46:12,3,0.188574,1.197484,0.687369,68.47,24.06,25.4,97.86,0.9,137,C,Germination,FALSE,TRUE,2024-05-28T00:00:00Z,27,C3,0.7878476845934058,4.78
11:46:19,4,0.228473,1.231972,0.668764,68.4,24.1,25.59,97.86,0.8,153,C,Germination,FALSE,TRUE,2024-05-28T00:00:00Z,27,C4,0.7026001203141962,4.9
11:46:27,5,0.207939,1.199457,0.674936,67.96,24.14,25.38,97.86,0.7,137,C,Germination,FALSE,TRUE,2024-05-28T00:00:00Z,27,C5,0.7305957855426497,5.03
11:46:34,6,0.345677,1.048456,0.676211,68.4,24.18,24.68,97.85,0.8,286,C,Germination,FALSE,TRUE,2024-05-28T00:00:00Z,27,C6,0.7364130884389015,5.15
11:46:40,7,0.205467,1.207776,0.694691,67.59,24.21,25.41,97.85,0.6,212,C,Germination,FALSE,TRUE,2024-05-28T00:00:00Z,27,C7,0.8221427638753256,5.25
11:46:46,8,0.039998,1.182659,0.681245,65.57,24.24,24.97,97.85,0.4,244,C,Germination,FALSE,TRUE,2024-05-28T00:00:00Z,27,C8,0.7594992238768612,5.35
11:46:52,9,0.135386,1.124014,0.66866,66.59,24.27,24.85,97.84,1.1,264,C,Germination,FALSE,TRUE,2024-05-28T00:00:00Z,27,C9,0.7021306712039475,5.45
11:47:00,10,0.279946,1.13455,0.680767,67.99,24.3,25.15,97.85,1,182,C,Germination,FALSE,TRUE,2024-05-28T00:00:00Z,27,C10,0.7572988600083126,5.58
11:47:11,11,0.212958,1.020946,0.68146,67.11,24.35,24.43,97.84,1.1,179,C,Germination,FALSE,TRUE,2024-05-28T00:00:00Z,27,C11,0.7604894995331618,5.77
11:47:16,12,0.132307,1.12139,0.671394,66.48,24.37,24.88,97.84,1.2,210,C,Germination,FALSE,TRUE,2024-05-28T00:00:00Z,27,C12,0.7144966832372415,5.85
11:47:36,1,0.14769,1.183501,0.692167,66.42,24.46,25.26,97.85,0.9,334,D,Germ+Trans,TRUE,TRUE,2024-05-28T00:00:00Z,27,D1,0.8102698278485978,6.18
11:47:45,2,0.143187,1.186142,0.710492,66.12,24.5,25.25,97.84,0.9,348,D,Germ+Trans,TRUE,TRUE,2024-05-28T00:00:00Z,27,D2,0.8977747573147703,6.33
11:47:50,3,0.109924,1.333967,0.680791,66.18,24.53,26.03,97.84,0.9,358,D,Germ+Trans,TRUE,TRUE,2024-05-28T00:00:00Z,27,D3,0.7574092967634122,6.42
11:47:57,4,0.178168,1.218973,0.69435500000000006,67.22,24.56,25.63,97.84,0.7,362,D,Germ+Trans,TRUE,TRUE,2024-05-28T00:00:00Z,27,D4,0.8205590593379396,6.53
11:48:04,5,0.135823,1.405719,0.670798,66.67,24.59,26.5,97.84,0.7,364,D,Germ+Trans,TRUE,TRUE,2024-05-28T00:00:00Z,27,D5,0.7117965043113962,6.65
11:48:11,6,0.160257,1.336079,0.692521,66.96,24.63,26.22,97.84,0.9,376,D,Germ+Trans,TRUE,TRUE,2024-05-28T00:00:00Z,27,D6,0.811931770279856,6.77
11:48:16,7,0.105016,1.357687,0.677344,66.48,24.66,26.27,97.84,1.1,395,D,Germ+Trans,TRUE,TRUE,2024-05-28T00:00:00Z,27,D7,0.7415925277269549,6.85
11:48:22,8,0.101878,1.31434,0.699801,66.14,24.68,26.02,97.83,0.9,375,D,Germ+Trans,TRUE,TRUE,2024-05-28T00:00:00Z,27,D8,0.8463504208310534,6.95
11:48:28,9,0.080274,1.270037,0.666709,66.3,24.71,25.84,97.83,-0.5,378,D,Germ+Trans,TRUE,TRUE,2024-05-28T00:00:00Z,27,D9,0.6933376866090885,7.05
11:48:36,10,0.232498,1.058407,0.767045,67.01,24.75,24.88,97.83,0.7,348,D,Germ+Trans,TRUE,TRUE,2024-05-28T00:00:00Z,27,D10,1.1917001679237447,7.18
11:48:41,11,0.127855,1.265241,0.673696,66.37,24.77,25.86,97.83,0.5,394,D,Germ+Trans,TRUE,TRUE,2024-05-28T00:00:00Z,27,D11,0.7249495084063294,7.27
11:48:47,12,0.136335,1.37069,0.662588,66.76,24.8,26.46,97.83,1.1,351,D,Germ+Trans,TRUE,TRUE,2024-05-28T00:00:00Z,27,D12,0.6748486436548412,7.37
12:30:40,1,0.233396,1.284883,0.624625,62.53,23.6,24.64,98.19,0.8,370,A,Control,FALSE,FALSE,2024-05-30T00:00:00Z,29,A1,0.5092259433608747,0
12:31:33,2,0.350456,1.130273,0.601347,64.65,23.73,24.22,98.19,6.5,448,A,Control,FALSE,FALSE,2024-05-30T00:00:00Z,29,A2,0.41108077465051807,0.88
12:31:50,3,0.351307,1.234848,0.684131,64.89,23.78,24.86,98.19,1.1,438,A,Control,FALSE,FALSE,2024-05-30T00:00:00Z,29,A3,0.7728218490802896,1.17
12:32:04,4,0.304455,1.202062,0.679645,64.21,23.82,24.6,98.19,1.9,345,A,Control,FALSE,FALSE,2024-05-30T00:00:00Z,29,A4,0.7521408471344129,1.4
12:32:16,5,0.266672,1.273948,0.672712,63.88,23.85,24.95,98.18,0.5,422,A,Control,FALSE,FALSE,2024-05-30T00:00:00Z,29,A5,0.7204767862098351,1.6
12:32:54,6,0.26934,1.274227,0.632105,65.31,23.99,25.26,98.19,1.2,482,A,Control,FALSE,FALSE,2024-05-30T00:00:00Z,29,A6,0.5412579482190267,2.23
12:33:14,7,0.324781,1.199833,0.695886,64.69,24.07,24.82,98.2,1,302,A,Control,FALSE,FALSE,2024-05-30T00:00:00Z,29,A7,0.8277832227041212,2.57
12:33:28,8,0.316219,1.189108,0.670822,64.5,24.12,24.77,98.2,1.8,400,A,Control,FALSE,FALSE,2024-05-30T00:00:00Z,29,A8,0.7119051881777566,2.8
12:33:38,9,0.272325,1.279922,0.657966,64.45,24.16,25.26,98.2,1.1,397,A,Control,FALSE,FALSE,2024-05-30T00:00:00Z,29,A9,0.6542431109318452,2.97
12:33:48,10,0.268638,1.353434,0.665682,64.44,24.21,25.66,98.2,0.9,329,A,Control,FALSE,FALSE,2024-05-30T00:00:00Z,29,A10,0.6887194432048904,3.13
12:33:59,11,0.396655,1.279541,0.691173,66.26,24.26,25.6,98.2,0.8,355,A,Control,FALSE,FALSE,2024-05-30T00:00:00Z,29,A11,0.8056089046653422,3.32
12:34:08,12,0.379369,1.254008,0.685199,65.87,24.3,25.43,98.19,0.7,398,A,Control,FALSE,FALSE,2024-05-30T00:00:00Z,29,A12,0.7777686138627167,3.47
12:34:30,1,0.275324,1.1870560000000001,0.643438,65.07,24.4,25.02,98.2,1.5,477,B,Transplantation,TRUE,FALSE,2024-05-30T00:00:00Z,29,B1,0.5903175365213483,3.83
12:34:55,2,0.263516,1.123796,0.658363,65.66,24.52,24.86,98.2,1.2,459,B,Transplantation,TRUE,FALSE,2024-05-30T00:00:00Z,29,B2,0.6560076810767053,4.25
12:35:07,3,0.297902,1.126902,0.68227,65.6,24.58,24.9,98.21,1.2,461,B,Transplantation,TRUE,FALSE,2024-05-30T00:00:00Z,29,B3,0.7642235084024053,4.45
12:35:20,4,0.311396,1.089385,0.681029,65.25,24.63,24.68,98.21,1.3,437,B,Transplantation,TRUE,FALSE,2024-05-30T00:00:00Z,29,B4,0.7585047001160223,4.67
12:35:44,5,0.247385,1.19235,0.632236,63.35,24.75,24.98,98.2,1.5,477,B,Transplantation,TRUE,FALSE,2024-05-30T00:00:00Z,29,B5,0.5418213140678182,5.07
12:35:53,6,0.226431,1.199936,0.630456,63.14,24.79,25.01,98.2,1,493,B,Transplantation,TRUE,FALSE,2024-05-30T00:00:00Z,29,B6,0.5341735539491735,5.22
12:36:03,7,0.392034,1.279185,0.672184,64.92,24.83,25.74,98.2,1.2,491,B,Transplantation,TRUE,FALSE,2024-05-30T00:00:00Z,29,B7,0.7180796371992724,5.38
12:36:12,8,0.266443,1.135411,0.653485,62.97,24.87,24.69,98.19,1.2,447,B,Transplantation,TRUE,FALSE,2024-05-30T00:00:00Z,29,B8,0.6343934717363513,5.53
12:36:23,9,0.282636,1.125637,0.683903,63.3,24.91,24.72,98.19,1.2,470,B,Transplantation,TRUE,FALSE,2024-05-30T00:00:00Z,29,B9,0.7717669661916333,5.72
12:36:32,10,0.271434,0.881086,0.754522,62.63,24.95,23.27,98.2,1.2,425,B,Transplantation,TRUE,FALSE,2024-05-30T00:00:00Z,29,B10,1.1228771059813774,5.87
12:36:43,11,0.364933,1.078911,0.680991,63.79,24.98,24.6,98.2,1.6,467,B,Transplantation,TRUE,FALSE,2024-05-30T00:00:00Z,29,B11,0.7583297746501466,6.05
12:36:53,12,0.352037,1.160754,0.664534,63.75,25.02,25.05,98.19,1.1,447,B,Transplantation,TRUE,FALSE,2024-05-30T00:00:00Z,29,B12,0.6835654331401011,6.22
12:37:11,1,0.284523,1.214833,0.685531,62.71,25.09,25.21,98.19,1.3,422,A,Control,FALSE,FALSE,2024-05-30T00:00:00Z,29,A1,0.7793082183203741,6.52
12:37:30,2,0.415349,1.147426,0.688883,64.16,25.16,25.15,98.19,1,447,A,Control,FALSE,FALSE,2024-05-30T00:00:00Z,29,A2,0.7949023980539679,6.83
12:37:40,3,0.265696,1.244969,0.672506,62.68,25.2,25.43,98.19,0.9,364,A,Control,FALSE,FALSE,2024-05-30T00:00:00Z,29,A3,0.7195412990724847,7
12:37:49,4,0.353463,1.091344,0.698353,63.25,25.24,24.74,98.19,1.1,317,A,Control,FALSE,FALSE,2024-05-30T00:00:00Z,29,A4,0.8394672460462774,7.15
12:37:59,5,0.279053,1.259064,0.668555,62.87,25.28,25.58,98.19,1.2,319,A,Control,FALSE,FALSE,2024-05-30T00:00:00Z,29,A5,0.7016567835628351,7.32
12:38:08,6,0.331133,1.144208,0.697646,62.81,25.32,25,98.19,1.2,389,A,Control,FALSE,FALSE,2024-05-30T00:00:00Z,29,A6,0.8361132944553836,7.47
12:38:17,7,0.329087,1.224089,0.678523,62.73,25.36,25.43,98.2,1.1,349,A,Control,FALSE,FALSE,2024-05-30T00:00:00Z,29,A7,0.746992375544737,7.62
12:38:26,8,0.341692,1.207648,0.696764,62.81,25.39,25.38,98.19,2.7,366,A,Control,FALSE,FALSE,2024-05-30T00:00:00Z,29,A8,0.8319353792212805,7.77
12:38:35,9,0.186526,1.082012,0.676775,60.79,25.43,24.38,98.2,1.4,399,A,Control,FALSE,FALSE,2024-05-30T00:00:00Z,29,A9,0.7389901939348731,7.92
12:38:47,10,0.284859,1.081909,0.689684,61.25,25.47,24.49,98.2,1,433,A,Control,FALSE,FALSE,2024-05-30T00:00:00Z,29,A10,0.7986423885475048,8.12
12:38:58,11,0.272143,1.127262,0.682964,61.56,25.5,24.81,98.2,1.6,455,A,Control,FALSE,FALSE,2024-05-30T00:00:00Z,29,A11,0.7674268174452094,8.3
12:39:06,12,0.311727,1.096862,0.679163,61.92,25.53,24.73,98.2,1.3,430,A,Control,FALSE,FALSE,2024-05-30T00:00:00Z,29,A12,0.7499279516593759,8.43
12:39:27,1,0.221027,1.118983,0.69395,60.31,25.6,24.61,98.2,1.3,426,C,Germination,FALSE,TRUE,2024-05-30T00:00:00Z,29,C1,0.8186514245047697,8.78
12:40:49,2,0.15932,1.221975,0.701906,61.44,25.89,25.53,98.2,0.8,416,C,Germination,FALSE,TRUE,2024-05-30T00:00:00Z,29,C2,0.8563906189186198,10.15
12:41:05,3,0.13084,1.21484,0.629837,60.68,25.97,25.41,98.19,1,388,C,Germination,FALSE,TRUE,2024-05-30T00:00:00Z,29,C3,0.5315176065811095,10.42
12:41:21,4,0.214406,1.070065,0.692739,58.99,26.02,24.38,98.18,4.7,360,C,Germination,FALSE,TRUE,2024-05-30T00:00:00Z,29,C4,0.812955755602991,10.68
12:41:32,5,0.362172,1.161282,0.6775,60.86,26.06,25.22,98.19,1.1,405,C,Germination,FALSE,TRUE,2024-05-30T00:00:00Z,29,C5,0.7423064165180286,10.87
12:41:39,6,0.239757,1.352163,0.690977,59.18,26.08,25.92,98.19,1,392,C,Germination,FALSE,TRUE,2024-05-30T00:00:00Z,29,C6,0.8046908303349858,10.98
12:41:50,7,0.238337,1.226569,0.695456,59.59,26.12,25.38,98.19,2.5,386,C,Germination,FALSE,TRUE,2024-05-30T00:00:00Z,29,C7,0.8257521696333587,11.17
12:41:59,8,0.199749,1.269565,0.695427,59.31,26.15,25.57,98.19,0.9,402,C,Germination,FALSE,TRUE,2024-05-30T00:00:00Z,29,C8,0.825615249702879,11.32
12:42:07,9,0.256381,1.191155,0.6801,59.35,26.18,25.19,98.19,1.2,385,C,Germination,FALSE,TRUE,2024-05-30T00:00:00Z,29,C9,0.7542313992261209,11.45
12:42:17,10,0.271735,1.143074,0.69717,59.06,26.21,24.9,98.19,1.5,365,C,Germination,FALSE,TRUE,2024-05-30T00:00:00Z,29,C10,0.8338576915072972,11.62
12:42:26,11,0.267353,1.095961,0.701761,58.93,26.24,24.64,98.19,1.1,369,C,Germination,FALSE,TRUE,2024-05-30T00:00:00Z,29,C11,0.8556977117297948,11.77
12:42:34,12,0.335615,1.129198,0.690942,59.35,26.26,24.91,98.19,2.3,380,C,Germination,FALSE,TRUE,2024-05-30T00:00:00Z,29,C12,0.8045269223714,11.9
12:42:55,1,0.229831,1.307775,0.683835,58.89,26.32,25.79,98.19,1.1,419,D,Germ+Trans,TRUE,TRUE,2024-05-30T00:00:00Z,29,D1,0.7714524312404254,12.25
12:43:23,2,0.335573,1.260169,0.683718,59.71,26.41,25.75,98.19,1.4,452,D,Germ+Trans,TRUE,TRUE,2024-05-30T00:00:00Z,29,D2,0.7709113312161952,12.72
12:43:34,3,0.239189,1.333427,0.669977,59.06,26.46,26.03,98.19,0.9,339,D,Germ+Trans,TRUE,TRUE,2024-05-30T00:00:00Z,29,D3,0.7080810344360695,12.9
12:43:42,4,0.370346,1.148703,0.604147,59.59,26.49,25.2,98.19,1.2,376,D,Germ+Trans,TRUE,TRUE,2024-05-30T00:00:00Z,29,D4,0.4227746155897699,13.03
12:43:52,5,0.418964,1.305173,0.668967,60.13,26.52,26.12,98.19,1.3,392,D,Germ+Trans,TRUE,TRUE,2024-05-30T00:00:00Z,29,D5,0.7035166632645788,13.2
12:44:00,6,0.309765,1.251441,0.675558,58.62,26.55,25.6,98.19,1,396,D,Germ+Trans,TRUE,TRUE,2024-05-30T00:00:00Z,29,D6,0.7334322323873493,13.33
12:44:09,7,0.19764,1.285425,0.664305,57.66,26.58,25.62,98.19,1,392,D,Germ+Trans,TRUE,TRUE,2024-05-30T00:00:00Z,29,D7,0.6825383717384759,13.48
12:44:18,8,0.174635,1.383333,0.689266,57.14,26.61,26.04,98.19,1.9,384,D,Germ+Trans,TRUE,TRUE,2024-05-30T00:00:00Z,29,D8,0.7966900225419099,13.63
12:44:27,9,0.321274,1.203479,0.682536,57.98,26.64,25.29,98.19,1.1,369,D,Germ+Trans,TRUE,TRUE,2024-05-30T00:00:00Z,29,D9,0.765450846843459,13.78
12:44:35,10,0.264101,1.255479,0.67125,57.66,26.66,25.51,98.19,0.8,374,D,Germ+Trans,TRUE,TRUE,2024-05-30T00:00:00Z,29,D10,0.7138440623311002,13.92
12:44:43,11,0.220352,1.257568,0.67539,56.87,26.68,25.39,98.19,1.4,387,D,Germ+Trans,TRUE,TRUE,2024-05-30T00:00:00Z,29,D11,0.7326658400477738,14.05
12:44:56,12,0.416718,1.186747,0.692643,58.12,26.71,25.27,98.19,1.5,357,D,Germ+Trans,TRUE,TRUE,2024-05-30T00:00:00Z,29,D12,0.8125047765073944,14.27
11:50:33,1,0.668535,1.202102,0.677831,68.45,20.96,23.5,98.37,0.4,296,A,Control,FALSE,FALSE,2024-05-31T00:00:00Z,30,A1,0.7438217417503652,0
11:50:44,2,0.752448,1.052155,0.69671400000000006,70.38,21,22.93,98.35,0.5,160,A,Control,FALSE,FALSE,2024-05-31T00:00:00Z,30,A2,0.8316987418558692,0.18
11:50:49,3,0.698019,1.274784,0.6988,72.35,21.02,24.48,98.35,0.4,287,A,Control,FALSE,FALSE,2024-05-31T00:00:00Z,30,A3,0.8415900823341629,0.27
11:50:56,4,0.612596,1.334077,0.703339,72.52,21.04,24.84,98.36,0.2,267,A,Control,FALSE,FALSE,2024-05-31T00:00:00Z,30,A4,0.8632489218895327,0.38
11:51:02,5,0.405847,1.197695,0.699497,70.32,21.07,23.81,98.35,0.4,285,A,Control,FALSE,FALSE,2024-05-31T00:00:00Z,30,A5,0.8449037680321471,0.48
11:51:08,6,0.749974,1.180188,0.671733,74.09,21.09,24.25,98.35,0.4,284,A,Control,FALSE,FALSE,2024-05-31T00:00:00Z,30,A6,0.7160336385052811,0.58
11:51:15,7,0.600391,1.161498,0.704872,73.21,21.12,24.04,98.36,0.3,280,A,Control,FALSE,FALSE,2024-05-31T00:00:00Z,30,A7,0.8706070655062617,0.7
11:51:20,8,0.767577,1.171615,0.694818,75.08,21.14,24.37,98.36,-0.7,263,A,Control,FALSE,FALSE,2024-05-31T00:00:00Z,30,A8,0.8227416208156081,0.78
11:51:25,9,0.539393,1.226539,0.698885,73.25,21.16,24.43,98.36,0.9,308,A,Control,FALSE,FALSE,2024-05-31T00:00:00Z,30,A9,0.8419939563715892,0.87
11:51:31,10,0.505334,1.16491,0.681083,72.94,21.19,24.07,98.37,0.3,251,A,Control,FALSE,FALSE,2024-05-31T00:00:00Z,30,A10,0.7587532974693613,0.97
11:51:37,11,0.662848,1.078766,0.687257,74.36,21.22,23.8,98.37,0.4,275,A,Control,FALSE,FALSE,2024-05-31T00:00:00Z,30,A11,0.7873265455132779,1.07
11:51:45,12,0.63943,1.133096,0.69582,74.99,21.25,24.21,98.36,0.4,204,A,Control,FALSE,FALSE,2024-05-31T00:00:00Z,30,A12,0.8274713747524441,1.2
11:51:57,1,0.486776,1.132202,0.67757,72.5,21.31,23.9,98.36,0.4,430,B,Transplantation,TRUE,FALSE,2024-05-31T00:00:00Z,30,B1,0.7426268100372406,1.4
11:52:06,2,0.648554,1.208245,0.669665,75.09,21.35,24.7,98.36,0,470,B,Transplantation,TRUE,FALSE,2024-05-31T00:00:00Z,30,B2,0.7066702962855008,1.55
11:52:12,3,0.47596,1.185866,0.661624,73.13,21.38,24.33,98.36,0.5,460,B,Transplantation,TRUE,FALSE,2024-05-31T00:00:00Z,30,B3,0.6705397155156488,1.65
11:52:17,4,0.490147,1.124509,0.694491,73.11,21.41,24,98.37,0.6,415,B,Transplantation,TRUE,FALSE,2024-05-31T00:00:00Z,30,B4,0.8211999650676313,1.73
11:52:24,5,0.540311,1.018007,0.709651,72.88,21.44,23.39,98.37,0.4,431,B,Transplantation,TRUE,FALSE,2024-05-31T00:00:00Z,30,B5,0.893689652196666,1.85
11:52:29,6,0.379423,1.289493,0.672369,72.57,21.47,24.86,98.37,0.8,483,B,Transplantation,TRUE,FALSE,2024-05-31T00:00:00Z,30,B6,0.718919321865212,1.93
11:52:35,7,0.389747,1.280108,0.679137,72.78,21.5,24.86,98.38,0.5,439,B,Transplantation,TRUE,FALSE,2024-05-31T00:00:00Z,30,B7,0.7498086337598328,2.03
11:52:41,8,0.458131,1.240515,0.960004,73.17,21.53,24.72,98.38,-0.2,417,B,Transplantation,TRUE,FALSE,2024-05-31T00:00:00Z,30,B8,3.1781580020062643,2.13
11:52:46,9,0.335616,1.417028,0.734376,72.24,21.56,25.54,98.38,0.7,436,B,Transplantation,TRUE,FALSE,2024-05-31T00:00:00Z,30,B9,1.016939384068012,2.22
11:52:54,10,0.463786,1.000852,0.662512,71.66,21.6,23.22,98.37,0.7,443,B,Transplantation,TRUE,FALSE,2024-05-31T00:00:00Z,30,B10,0.6745087167789671,2.35
11:52:59,11,0.380037,1.308207,0.680044,72.19,21.63,25.01,98.37,0.9,446,B,Transplantation,TRUE,FALSE,2024-05-31T00:00:00Z,30,B11,0.7539740156193893,2.43
11:53:05,12,0.420283,1.183532,0.660556,71.93,21.66,24.32,98.37,0.8,440,B,Transplantation,TRUE,FALSE,2024-05-31T00:00:00Z,30,B12,0.6657729196831009,2.53
11:53:16,1,0.43409,1.123543,0.660162,70.96,21.72,23.89,98.37,0.5,210,C,Germination,FALSE,TRUE,2024-05-31T00:00:00Z,30,C1,0.6640162259730961,2.72
11:53:28,2,0.425147,1.217683,0.686472,71.41,21.78,24.51,98.36,0.9,308,C,Germination,FALSE,TRUE,2024-05-31T00:00:00Z,30,C2,0.7836767674982632,2.92
11:53:43,3,0.343645,1.264069,0.677782,70.26,21.87,24.65,98.37,0.8,291,C,Germination,FALSE,TRUE,2024-05-31T00:00:00Z,30,C3,0.7435973672097573,3.17
11:53:57,5,0.353239,1.238587,0.674894,70.17,21.94,24.54,98.36,1,213,C,Germination,FALSE,TRUE,2024-05-31T00:00:00Z,30,C5,0.7304043585045983,3.4
11:54:02,6,0.435735,1.209073,0.688603,71.38,21.97,24.57,98.36,0.8,267,C,Germination,FALSE,TRUE,2024-05-31T00:00:00Z,30,C6,0.7935962821185081,3.48
11:54:07,7,0.509468,1.181501,0.699906,72.16,22,24.56,98.35,0.8,266,C,Germination,FALSE,TRUE,2024-05-31T00:00:00Z,30,C7,0.8468502814010881,3.57
11:54:12,8,0.399644,1.221963,0.698905,70.97,22.03,24.62,98.35,1.1,318,C,Germination,FALSE,TRUE,2024-05-31T00:00:00Z,30,C8,0.8420889949857923,3.65
11:54:18,9,0.362316,1.252963,0.678989,70.81,22.06,24.78,98.35,0.8,285,C,Germination,FALSE,TRUE,2024-05-31T00:00:00Z,30,C9,0.749129536677262,3.75
11:54:31,11,0.393885,1.131672,0.692898,70.4,22.14,24.11,98.35,0.6,227,C,Germination,FALSE,TRUE,2024-05-31T00:00:00Z,30,C11,0.81370286224757,3.97
11:54:37,12,0.277496,1.279279,0.68657,69.58,22.17,24.81,98.35,-0.4,269,C,Germination,FALSE,TRUE,2024-05-31T00:00:00Z,30,C12,0.784132136851902,4.07
11:54:50,1,0.323637,1.067257,0.697764,69.12,22.24,23.62,98.35,0.7,356,D,Germ+Trans,TRUE,TRUE,2024-05-31T00:00:00Z,30,D1,0.8366727675581501,4.28
11:54:59,2,0.346141,1.053259,0.712504,69.96,22.29,23.71,98.35,0.7,373,D,Germ+Trans,TRUE,TRUE,2024-05-31T00:00:00Z,30,D2,0.9075765790649952,4.43
11:55:06,3,0.279407,1.190793,0.687588,69.9,22.33,24.49,98.36,0.6,375,D,Germ+Trans,TRUE,TRUE,2024-05-31T00:00:00Z,30,D3,0.7888669918296941,4.55
11:55:12,4,0.344074,1.090451,0.711745,70.4,22.37,24.03,98.35,0.9,349,D,Germ+Trans,TRUE,TRUE,2024-05-31T00:00:00Z,30,D4,0.9038741961424398,4.65
11:55:19,5,0.291802,1.284253,0.692264,70.59,22.41,25.13,98.35,1.7,408,D,Germ+Trans,TRUE,TRUE,2024-05-31T00:00:00Z,30,D5,0.8107251131946733,4.77
11:55:25,6,0.349903,1.217215,0.692859,70.75,22.44,24.82,98.35,0.6,403,D,Germ+Trans,TRUE,TRUE,2024-05-31T00:00:00Z,30,D6,0.8135195897485074,4.87
11:55:30,7,0.389935,1.196504,0.723455,71.27,22.47,24.81,98.35,0.5,363,D,Germ+Trans,TRUE,TRUE,2024-05-31T00:00:00Z,30,D7,0.9616647901228462,4.95
11:55:37,8,0.299886,1.133265,0.704099,69.74,22.51,24.26,98.35,0.6,353,D,Germ+Trans,TRUE,TRUE,2024-05-31T00:00:00Z,30,D8,0.8668940323507126,5.07
11:55:42,9,0.268018,1.103166,0.705532,69.3,22.54,24.05,98.35,-0.7,331,D,Germ+Trans,TRUE,TRUE,2024-05-31T00:00:00Z,30,D9,0.8737817897222082,5.15
11:55:48,10,0.34898,1.033155,0.716159,70.1,22.57,23.8,98.36,0.6,319,D,Germ+Trans,TRUE,TRUE,2024-05-31T00:00:00Z,30,D10,0.9254879871198958,5.25
11:55:54,11,0.387116,0.96631,0.722254,70.13,22.6,23.45,98.35,0.6,346,D,Germ+Trans,TRUE,TRUE,2024-05-31T00:00:00Z,30,D11,0.9556698506036436,5.35
11:55:59,12,0.286047,1.041658,0.713939,69.26,22.63,23.75,98.35,-0.8,316,D,Germ+Trans,TRUE,TRUE,2024-05-31T00:00:00Z,30,D12,0.9145924497254461,5.43
12:16:42,1,0.719709,1.548364,0.678848,77.51,23.84,28.24,97.76,0.9,430,A,Control,FALSE,FALSE,2024-06-03T00:00:00Z,33,A1,0.7484827125791027,0
12:16:48,2,0.978795,1.414405,0.690756,80.47,23.87,28.05,97.76,1.5,362,A,Control,FALSE,FALSE,2024-06-03T00:00:00Z,33,A2,0.8036560406705578,0.1
12:16:58,3,1.032334,0.979903,0.698345,78.39,23.92,25.71,97.75,1.3,327,A,Control,FALSE,FALSE,2024-06-03T00:00:00Z,33,A3,0.8394292697416839,0.27
12:17:03,4,0.804615,1.433872,0.68552,80.58,23.94,28.2,97.75,1.7,279,A,Control,FALSE,FALSE,2024-06-03T00:00:00Z,33,A4,0.7792571932472586,0.35
12:17:09,5,1.158339,1.135953,0.789856,81.4,23.97,26.95,97.76,0.7,290,A,Control,FALSE,FALSE,2024-06-03T00:00:00Z,33,A5,1.324057640356751,0.45
12:17:15,6,0.902952,1.312897,0.709928,81.45,24,27.81,97.76,1.1,279,A,Control,FALSE,FALSE,2024-06-03T00:00:00Z,33,A6,0.8950343884152351,0.55
12:17:22,7,0.77326,1.129133,0.675668,79.51,24.04,26.69,97.76,1.5,338,A,Control,FALSE,FALSE,2024-06-03T00:00:00Z,33,A7,0.7339341486290599,0.67
12:17:28,8,0.788389,1.279147,0.698339,80.63,24.06,27.58,97.76,2.7,299,A,Control,FALSE,FALSE,2024-06-03T00:00:00Z,33,A8,0.8394007878886802,0.77
12:17:34,9,0.846528,1.170412,0.679226,80.27,24.1,27.04,97.76,0.8,252,A,Control,FALSE,FALSE,2024-06-03T00:00:00Z,33,A9,0.7502170892679674,0.87
12:17:41,10,0.737519,1.091447,0.684557,78.97,24.13,26.5,97.75,1.4,328,A,Control,FALSE,FALSE,2024-06-03T00:00:00Z,33,A10,0.7747939136740674,0.98
12:17:47,11,0.626682,1.208106,0.691032,78.87,24.17,27.07,97.75,1.4,263,A,Control,FALSE,FALSE,2024-06-03T00:00:00Z,33,A11,0.8049484207269998,1.08
12:17:54,12,0.742364,1.186681,0.682705,79.95,24.2,27.15,97.75,0.9,244,A,Control,FALSE,FALSE,2024-06-03T00:00:00Z,33,A12,0.7662309077513316,1.2
12:18:06,1,0.692544,1.240185,0.688313,79.64,24.27,27.4,97.76,1.2,468,B,Transplantation,TRUE,FALSE,2024-06-03T00:00:00Z,33,B1,0.7922441972049259,1.4
12:18:14,2,0.670821,1.177799,0.699274,79.02,24.32,27.05,97.75,1.4,427,B,Transplantation,TRUE,FALSE,2024-06-03T00:00:00Z,33,B2,0.8438431028096401,1.53
12:18:19,3,0.777662,1.127949,0.986015,79.59,24.35,26.92,97.75,0.8,417,B,Transplantation,TRUE,FALSE,2024-06-03T00:00:00Z,33,B3,4.255686240814739,1.62
12:18:25,4,0.710327,1.242269,0.700918,79.99,24.39,27.54,97.76,0.1,398,B,Transplantation,TRUE,FALSE,2024-06-03T00:00:00Z,33,B4,0.8516731211601076,1.72
12:18:33,5,0.570071,1.388359,0.677757,79.22,24.43,28.13,97.76,1.2,484,B,Transplantation,TRUE,FALSE,2024-06-03T00:00:00Z,33,B5,0.743482897299539,1.85
12:18:38,6,0.773625,0.999803,0.733005,78.64,24.46,26.23,97.76,0.8,409,B,Transplantation,TRUE,FALSE,2024-06-03T00:00:00Z,33,B6,1.0099225915126433,1.93
12:18:43,7,0.512933,1.353638,0.694281,78.4,24.5,27.9,97.76,1.1,479,B,Transplantation,TRUE,FALSE,2024-06-03T00:00:00Z,33,B7,0.8202103982902806,2.02
12:18:48,8,0.64482,1.207777,0.809928,79.05,24.53,27.34,97.76,2.1,438,B,Transplantation,TRUE,FALSE,2024-06-03T00:00:00Z,33,B8,1.449542407080257,2.1
12:18:54,9,0.636007,1.108684,0.685026,78.6,24.57,26.83,97.76,1.1,430,B,Transplantation,TRUE,FALSE,2024-06-03T00:00:00Z,33,B9,0.7769666980097801,2.2
12:19:00,10,0.620269,1.187379,0.718702,78.53,24.6,27.22,97.76,4.3,393,B,Transplantation,TRUE,FALSE,2024-06-03T00:00:00Z,33,B10,0.9380322016494087,2.3
12:19:06,11,0.422702,1.549876,0.675781,78.27,24.64,28.85,97.76,1.2,475,B,Transplantation,TRUE,FALSE,2024-06-03T00:00:00Z,33,B11,0.7344498456748758,2.4
12:19:12,12,0.532265,1.285795,0.6876,78.23,24.68,27.69,97.75,1,453,B,Transplantation,TRUE,FALSE,2024-06-03T00:00:00Z,33,B12,0.7889228555431632,2.5
12:19:47,1,0.498096,1.25724,0.682196,77.81,24.92,27.66,97.75,1,318,C,Germination,FALSE,TRUE,2024-06-03T00:00:00Z,33,C1,0.7638821660283676,3.08
12:19:55,2,0.459952,1.481529,0.693351,78.68,24.98,28.82,97.75,1.3,208,C,Germination,FALSE,TRUE,2024-06-03T00:00:00Z,33,C2,0.8158325934519762,3.22
12:20:02,3,0.592008,1.129175,0.684921,77.92,25.02,27.15,97.75,0.9,268,C,Germination,FALSE,TRUE,2024-06-03T00:00:00Z,33,C3,0.7764801021112767,3.33
12:20:07,4,0.513196,1.219522,0.702136,77.65,25.06,27.55,97.74,1.9,308,C,Germination,FALSE,TRUE,2024-06-03T00:00:00Z,33,C4,0.8574901109605554,3.42
12:20:12,5,0.427522,1.448588,0.687342,77.42,25.09,28.57,97.74,1.2,362,C,Germination,FALSE,TRUE,2024-06-03T00:00:00Z,33,C5,0.7877220435428209,3.5
12:20:18,6,0.411152,1.440461,0.682409,77.07,25.14,28.52,97.74,1.5,374,C,Germination,FALSE,TRUE,2024-06-03T00:00:00Z,33,C6,0.7648647933961235,3.6
12:20:29,7,0.514066,1.204794,0.708976,77.36,25.21,27.55,97.74,1.5,305,C,Germination,FALSE,TRUE,2024-06-03T00:00:00Z,33,C7,0.8904159374680491,3.78
12:20:36,8,0.691739,0.948225,0.68446,77.21,25.26,26.33,97.74,2.4,322,C,Germination,FALSE,TRUE,2024-06-03T00:00:00Z,33,C8,0.7743447493765048,3.9
12:20:41,9,0.433267,1.351491,0.688545,76.93,25.29,28.2,97.74,1.1,335,C,Germination,FALSE,TRUE,2024-06-03T00:00:00Z,33,C9,0.793325809997462,3.98
12:20:47,10,0.420982,1.192609,0.693431,76.22,25.33,27.4,97.74,1.8,265,C,Germination,FALSE,TRUE,2024-06-03T00:00:00Z,33,C10,0.8162088871021376,4.08
12:20:53,11,0.351596,1.519629,0.686504,76.57,25.37,28.94,97.74,-0.3,393,C,Germination,FALSE,TRUE,2024-06-03T00:00:00Z,33,C11,0.7838254510270839,4.18
12:20:59,12,0.406752,1.397186,0.683556,76.69,25.41,28.45,97.74,1.4,246,C,Germination,FALSE,TRUE,2024-06-03T00:00:00Z,33,C12,0.7701622933438292,4.28
12:21:13,1,0.453286,1.127728,0.691121,76.22,25.5,27.22,97.75,1.2,378,D,Germ+Trans,TRUE,TRUE,2024-06-03T00:00:00Z,33,D1,0.8053653025288068,4.52
12:21:22,2,0.450283,1.071863,0.706845,76.15,25.56,26.98,97.74,1.1,369,D,Germ+Trans,TRUE,TRUE,2024-06-03T00:00:00Z,33,D2,0.8801099262720791,4.67
12:21:30,3,0.610072,1.036455,0.684112,77.58,25.62,27.08,97.75,1.1,399,D,Germ+Trans,TRUE,TRUE,2024-06-03T00:00:00Z,33,D3,0.7727339265263652,4.8
12:21:37,4,0.554649,0.944919,0.720783,76.22,25.66,26.45,97.75,1.3,340,D,Germ+Trans,TRUE,TRUE,2024-06-03T00:00:00Z,33,D4,0.9483488638235873,4.92
12:21:43,5,0.37695,1.279191,0.709713,75.68,25.7,27.97,97.75,1.1,404,D,Germ+Trans,TRUE,TRUE,2024-06-03T00:00:00Z,33,D5,0.8939905741950489,5.02
12:21:50,6,0.432561,1.04719,0.710983,75.57,25.74,26.9,97.75,1.6,395,D,Germ+Trans,TRUE,TRUE,2024-06-03T00:00:00Z,33,D6,0.9001630096196496,5.13
12:21:56,7,0.362155,1.310837,0.683737,75.83,25.78,28.18,97.75,1.1,408,D,Germ+Trans,TRUE,TRUE,2024-06-03T00:00:00Z,33,D7,0.7709991948421311,5.23
12:22:02,8,0.335559,1.344098,0.712856,75.69,25.82,28.34,97.75,0.6,371,D,Germ+Trans,TRUE,TRUE,2024-06-03T00:00:00Z,33,D8,0.9092956043931634,5.33
12:22:08,9,0.374542,1.272904,0.70608,75.69,25.85,28.05,97.75,0.8,365,D,Germ+Trans,TRUE,TRUE,2024-06-03T00:00:00Z,33,D9,0.8764209240544218,5.43
12:22:16,10,0.549607,0.940718,0.720808,75.43,25.9,26.48,97.75,1.2,300,D,Germ+Trans,TRUE,TRUE,2024-06-03T00:00:00Z,33,D10,0.9484730878290965,5.57
12:22:22,11,0.342902,0.963972,0.77033,74.09,25.94,26.4,97.75,2.6,415,D,Germ+Trans,TRUE,TRUE,2024-06-03T00:00:00Z,33,D11,1.210175498437473,5.67
12:22:27,12,0.369356,1.111481,0.718587,74.66,25.97,27.22,97.76,1,346,D,Germ+Trans,TRUE,TRUE,2024-06-03T00:00:00Z,33,D12,0.9374634425870759,5.75
12:24:12,1,0.345607,1.057372,0.666368,72.33,21.99,23.89,97.49,0.7,186,A,Control,FALSE,FALSE,2024-06-11T00:00:00Z,41,A1,0.69180348134635,0
12:24:32,2,0.393142,0.988912,0.718444,74.11,22.06,23.82,97.49,0.8,220,A,Control,FALSE,FALSE,2024-06-11T00:00:00Z,41,A2,0.9367564002529069,0.33
12:24:40,3,0.355094,1.021305,0.694593,74.15,22.09,24.02,97.49,0.9,227,A,Control,FALSE,FALSE,2024-06-11T00:00:00Z,41,A3,0.8216807492350924,0.47
12:24:47,4,0.370634,0.961776,0.713094,74.19,22.11,23.71,97.48,0.9,276,A,Control,FALSE,FALSE,2024-06-11T00:00:00Z,41,A4,0.9104586130528561,0.58
12:24:54,5,0.279062,1.053272,0.675359,73.57,22.14,24.15,97.49,0.7,302,A,Control,FALSE,FALSE,2024-06-11T00:00:00Z,41,A5,0.7325244449334125,0.7
12:25:03,6,0.315832,1.116928,0.687611,74.26,22.18,24.63,97.5,1.3,325,A,Control,FALSE,FALSE,2024-06-11T00:00:00Z,41,A6,0.7889740649758045,0.85
12:25:13,7,0.234705,1.031344,0.712659,73.59,22.23,24.09,97.5,1.2,268,A,Control,FALSE,FALSE,2024-06-11T00:00:00Z,41,A7,0.9083333813673311,1.02
12:25:22,8,0.323172,1.070296,0.682318,74.65,22.27,24.49,97.5,0.8,393,A,Control,FALSE,FALSE,2024-06-11T00:00:00Z,41,A8,0.764444942383977,1.17
12:25:30,9,0.198788,1.137322,0.68108900000000006,73.59,22.31,24.72,97.49,1.2,345,A,Control,FALSE,FALSE,2024-06-11T00:00:00Z,41,A9,0.7587809207790497,1.3
12:25:38,10,0.260667,1.115922,0.688993,73.95,22.35,24.68,97.49,0.5,234,A,Control,FALSE,FALSE,2024-06-11T00:00:00Z,41,A10,0.7954156913458625,1.43
12:25:52,11,0.348409,0.979523,0.689547,74.61,22.41,24.08,97.48,0.9,311,A,Control,FALSE,FALSE,2024-06-11T00:00:00Z,41,A11,0.7980023390913444,1.67
12:26:01,12,0.187775,1.034221,0.68453,73.32,22.46,24.22,97.49,0.9,195,A,Control,FALSE,FALSE,2024-06-11T00:00:00Z,41,A12,0.774668881082533,1.82
12:26:15,1,0.216104,1.010485,0.691471,72.78,22.53,24.05,97.48,1.1,420,B,Transplantation,TRUE,FALSE,2024-06-11T00:00:00Z,41,B1,0.8070053702401507,2.05
12:26:23,2,0.201072,1.121744,0.685954,73.03,22.57,24.73,97.48,1.6,473,B,Transplantation,TRUE,FALSE,2024-06-11T00:00:00Z,41,B2,0.7812710980900562,2.18
12:26:29,3,0.242879,1.167945,0.68252,73.64,22.61,25.08,97.48,0.6,391,B,Transplantation,TRUE,FALSE,2024-06-11T00:00:00Z,41,B3,0.7653770064363895,2.28
12:26:37,4,0.195239,1.124309,0.687374,72.38,22.65,24.7,97.49,0.9,362,B,Transplantation,TRUE,FALSE,2024-06-11T00:00:00Z,41,B4,0.7878709521037763,2.42
12:26:42,5,0.203587,1.129194,0.709781,72.48,22.68,24.76,97.49,1.2,427,B,Transplantation,TRUE,FALSE,2024-06-11T00:00:00Z,41,B5,0.8943206613553338,2.5
12:26:48,6,0.150654,1.242105,0.685997,72.18,22.71,25.33,97.49,1.4,399,B,Transplantation,TRUE,FALSE,2024-06-11T00:00:00Z,41,B6,0.7814707145357398,2.6
12:26:54,7,0.073394,1.178648,0.702531,71.13,22.75,24.86,97.49,3.1,349,B,Transplantation,TRUE,FALSE,2024-06-11T00:00:00Z,41,B7,0.8593795104725234,2.7
12:27:01,8,0.246966,1.016277,0.676601,73.02,22.79,24.3,97.5,0.8,446,B,Transplantation,TRUE,FALSE,2024-06-11T00:00:00Z,41,B8,0.7381948793313655,2.82
12:27:07,9,0.227894,1.040388,0.722118,72.91,22.82,24.44,97.5,0.9,356,B,Transplantation,TRUE,FALSE,2024-06-11T00:00:00Z,41,B9,0.9549919972916907,2.92
12:27:14,10,0.185928,1.123374,0.694622,72.55,22.86,24.85,97.49,0.9,367,B,Transplantation,TRUE,FALSE,2024-06-11T00:00:00Z,41,B10,0.821817459197116,3.03
12:27:21,11,0.134798,1.176215,0.696787,72.15,22.9,25.1,97.49,1.9,427,B,Transplantation,TRUE,FALSE,2024-06-11T00:00:00Z,41,B11,0.8320442398093232,3.15
12:27:29,12,0.208168,1.054472,0.693293,72.4,22.94,24.52,97.48,1.5,407,B,Transplantation,TRUE,FALSE,2024-06-11T00:00:00Z,41,B12,0.8155598147923309,3.28
12:27:46,1,0.376943,0.897514,0.699009,73.3,23.03,23.85,97.47,0.9,227,C,Germination,FALSE,TRUE,2024-06-11T00:00:00Z,41,C1,0.842583253717776,3.57
12:28:01,3,0.297354,1.05873,0.691339,73.24,23.11,24.78,97.48,2.1,203,C,Germination,FALSE,TRUE,2024-06-11T00:00:00Z,41,C3,0.8063867095308493,3.82
12:28:07,4,0.32878,0.977317,0.714917,73.25,23.15,24.37,97.48,1.8,319,C,Germination,FALSE,TRUE,2024-06-11T00:00:00Z,41,C4,0.9193860860995015,3.92
12:28:14,5,0.289844,0.918774,0.701785,72.68,23.19,23.98,97.48,1,353,C,Germination,FALSE,TRUE,2024-06-11T00:00:00Z,41,C5,0.8558123864335709,4.03
12:28:23,6,-0.050761,1.041752,0.706724,68.93,23.23,24.1,97.48,2.3,292,C,Germination,FALSE,TRUE,2024-06-11T00:00:00Z,41,C6,0.8795260626274325,4.18
12:28:30,7,0.150117,0.871547,0.735567,70.88,23.27,23.48,97.48,1.4,245,C,Germination,FALSE,TRUE,2024-06-11T00:00:00Z,41,C7,1.0230537193042957,4.3
12:28:37,8,0.121538,0.965847,0.702472,70.62,23.31,24,97.47,0.9,238,C,Germination,FALSE,TRUE,2024-06-11T00:00:00Z,41,C8,0.8590972045583626,4.42
12:28:45,9,0.212222,0.96017,0.722669,71.35,23.35,24.11,97.47,1.1,267,C,Germination,FALSE,TRUE,2024-06-11T00:00:00Z,41,C9,0.9577395640123355,4.55
12:28:50,10,0.24065,1.007683,0.694814,71.61,23.37,24.43,97.47,1,245,C,Germination,FALSE,TRUE,2024-06-11T00:00:00Z,41,C10,0.8227227570487734,4.63
12:28:57,11,0.074504,0.944438,0.687567,69.88,23.41,23.83,97.47,0.9,288,C,Germination,FALSE,TRUE,2024-06-11T00:00:00Z,41,C11,0.7887692331483048,4.75
12:29:02,12,0.028986,0.91931,0.699091,69.25,23.43,23.6,97.47,0.7,195,C,Germination,FALSE,TRUE,2024-06-11T00:00:00Z,41,C12,0.8429730262824338,4.83
12:29:15,1,0.14399,0.987575,0.708622,69.83,23.49,24.12,97.47,0.9,360,D,Germ+Trans,TRUE,TRUE,2024-06-11T00:00:00Z,41,D1,0.8887008457714016,5.05
12:29:24,2,-0.089916,1.127749,0.674022,67.37,23.54,24.52,97.47,3.3,401,D,Germ+Trans,TRUE,TRUE,2024-06-11T00:00:00Z,41,D2,0.726432856902219,5.2
12:29:31,3,0.134029,1.019852,0.69141300000000006,69.68,23.58,24.33,97.47,1.5,320,D,Germ+Trans,TRUE,TRUE,2024-06-11T00:00:00Z,41,D3,0.8067335164279655,5.32
12:29:38,4,-0.068968,1.0623,0.732901,67.84,23.61,24.29,97.47,0.8,383,D,Germ+Trans,TRUE,TRUE,2024-06-11T00:00:00Z,41,D4,1.0093912551807285,5.43
12:29:47,5,-0.046969,1.040296,0.702329,68.18,23.66,24.26,97.47,1.2,359,D,Germ+Trans,TRUE,TRUE,2024-06-11T00:00:00Z,41,D5,0.8584131054340208,5.58
12:29:55,6,0.14839,1.122488,0.708246,70.44,23.7,25.08,97.48,0.9,445,D,Germ+Trans,TRUE,TRUE,2024-06-11T00:00:00Z,41,D6,0.886880509530271,5.72
12:30:01,7,-0.112519,1.076941,0.698624,67.01,23.73,24.31,97.48,0.7,360,D,Germ+Trans,TRUE,TRUE,2024-06-11T00:00:00Z,41,D7,0.8407540315846745,5.82
12:30:08,8,0.138215,1.059105,0.696632,69.83,23.77,24.69,97.48,1.1,408,D,Germ+Trans,TRUE,TRUE,2024-06-11T00:00:00Z,41,D8,0.8313107042601319,5.93
12:30:14,9,0.026951,1.176652,0.719292,68.44,23.8,25.12,97.47,1,375,D,Germ+Trans,TRUE,TRUE,2024-06-11T00:00:00Z,41,D9,0.9409524117475283,6.03
12:30:20,10,-0.012725,0.923325,0.777837,67.92,23.83,23.67,97.47,0.8,308,D,Germ+Trans,TRUE,TRUE,2024-06-11T00:00:00Z,41,D10,1.253105643971226,6.13
12:30:28,11,0.251432,0.894445,0.722588,69.58,23.86,23.81,97.48,1.3,268,D,Germ+Trans,TRUE,TRUE,2024-06-11T00:00:00Z,41,D11,0.9573354461005058,6.27
12:30:35,12,-0.189133,1.080629,0.698802,65.12,23.9,24.13,97.48,1.9,431,D,Germ+Trans,TRUE,TRUE,2024-06-11T00:00:00Z,41,D12,0.841599584507582,6.38
11:36:04,1,2.578985,0.758195,0.752453,86.73,22.02,24.37,97.28,0.4,150,A,Control,FALSE,FALSE,2024-06-06T00:00:00Z,36,A1,1.1117380732305455,0
11:36:12,2,1.77371,0.643825,0.750245,84.55,22.05,23.43,97.28,1,138,A,Control,FALSE,FALSE,2024-06-06T00:00:00Z,36,A2,1.0999193825047993,0.13
11:36:23,3,0.903838,0.531013,0.750395,82.09,22.1,22.42,97.28,1.3,158,A,Control,FALSE,FALSE,2024-06-06T00:00:00Z,36,A3,1.1007200662108942,0.32
11:36:28,4,0.982904,0.845026,0.741925,85.44,22.12,24.73,97.27,0.6,151,A,Control,FALSE,FALSE,2024-06-06T00:00:00Z,36,A4,1.0559979195398683,0.4
11:36:34,5,1.077765,0.711711,0.747126,85.18,22.15,23.99,97.27,1.5,158,A,Control,FALSE,FALSE,2024-06-06T00:00:00Z,36,A5,1.08334250465053,0.5
11:36:41,6,1.385749,0.794415,0.740378,87.76,22.18,24.84,97.27,-0.1,156,A,Control,FALSE,FALSE,2024-06-06T00:00:00Z,36,A6,1.0479341395876678,0.62
11:36:51,7,1.958054,0.545939,0.760082,86.9,22.23,23.37,97.27,1.5,144,A,Control,FALSE,FALSE,2024-06-06T00:00:00Z,36,A7,1.15312912390303,0.78
11:36:58,8,1.036499,0.708501,0.740677,86.19,22.25,24.2,97.27,0.5,148,A,Control,FALSE,FALSE,2024-06-06T00:00:00Z,36,A8,1.0494902438712217,0.9
11:37:07,9,2.021861,0.545352,0.748172,87.72,22.29,23.55,97.27,1,155,A,Control,FALSE,FALSE,2024-06-06T00:00:00Z,36,A9,1.0888865832722605,1.05
11:37:21,11,1.14744,0.579205,0.746927,86.33,22.35,23.58,97.28,2,158,A,Control,FALSE,FALSE,2024-06-06T00:00:00Z,36,A11,1.082289471469265,1.28
11:37:27,12,0.960748,0.710822,0.738056,86.95,22.38,24.43,97.28,0.8,134,A,Control,FALSE,FALSE,2024-06-06T00:00:00Z,36,A12,1.0358889620231466,1.38
11:37:44,1,2.549283,0.510125,0.751228,88.94,22.45,23.66,97.28,1.2,141,B,Transplantation,TRUE,FALSE,2024-06-06T00:00:00Z,36,B1,1.1051723865558514,1.67
11:37:53,2,2.025211,0.589249,0.742136,89.04,22.48,24.15,97.28,0.9,152,B,Transplantation,TRUE,FALSE,2024-06-06T00:00:00Z,36,B2,1.057100200625946,1.82
11:38:01,3,1.486588,0.544654,0.752477,87.41,22.51,23.68,97.28,1.6,168,B,Transplantation,TRUE,FALSE,2024-06-06T00:00:00Z,36,B3,1.1118669243878498,1.95
11:38:10,4,1.747634,0.480586,0.765688,87.36,22.55,23.33,97.27,1.6,167,B,Transplantation,TRUE,FALSE,2024-06-06T00:00:00Z,36,B4,1.184121215470614,2.1
11:38:22,5,3.197839,0.483691,0.762067,89.58,22.59,23.74,97.27,1.1,164,B,Transplantation,TRUE,FALSE,2024-06-06T00:00:00Z,36,B5,1.1640453568962028,2.3
11:38:28,6,1.39378,0.605174,0.756978,87.47,22.62,24.11,97.27,1.2,194,B,Transplantation,TRUE,FALSE,2024-06-06T00:00:00Z,36,B6,1.1361822167060236,2.4
11:38:33,7,1.1711530000000001,0.680123,0.740246,87.81,22.65,24.6,97.27,0.7,170,B,Transplantation,TRUE,FALSE,2024-06-06T00:00:00Z,36,B7,1.047247534103941,2.48
11:38:39,8,1.283831,0.547165,0.754983,86.96,22.68,23.76,97.27,1.1,169,B,Transplantation,TRUE,FALSE,2024-06-06T00:00:00Z,36,B8,1.1253676365466214,2.58
11:38:45,9,1.319083,0.522494,0.744924,86.94,22.7,23.64,97.27,0.8,155,B,Transplantation,TRUE,FALSE,2024-06-06T00:00:00Z,36,B9,1.0717206597837696,2.68
11:38:54,10,1.196708,0.520685,0.76256,86.5,22.74,23.59,97.27,1.3,177,B,Transplantation,TRUE,FALSE,2024-06-06T00:00:00Z,36,B10,1.1667662339313618,2.83
11:39:00,11,1.033438,0.666979,0.736559,87.17,22.78,24.53,97.27,1.2,163,B,Transplantation,TRUE,FALSE,2024-06-06T00:00:00Z,36,B11,1.0281599073243541,2.93
11:39:07,12,1.338105,0.657657,0.740376,88.25,22.81,24.67,97.26,0.9,158,B,Transplantation,TRUE,FALSE,2024-06-06T00:00:00Z,36,B12,1.0479237347834465,3.05
11:39:20,1,1.642983,0.518591,0.738207,87.51,22.87,23.84,97.26,1.9,161,C,Germination,FALSE,TRUE,2024-06-06T00:00:00Z,36,C1,1.0366701579255808,3.27
11:39:27,2,1.57966,0.564404,0.742147,87.95,22.91,24.2,97.26,1.2,137,C,Germination,FALSE,TRUE,2024-06-06T00:00:00Z,36,C2,1.0571576816524915,3.38
11:39:34,3,1.37311,0.515233,0.745817,86.91,22.94,23.79,97.26,1.8,166,C,Germination,FALSE,TRUE,2024-06-06T00:00:00Z,36,C3,1.0764257817559573,3.5
11:39:41,4,1.891227,0.513043,0.743608,87.85,22.98,23.95,97.26,2.1,175,C,Germination,FALSE,TRUE,2024-06-06T00:00:00Z,36,C4,1.0648064909500183,3.62
11:39:47,5,1.630334,0.502409,0.735618,87.09,23.01,23.8,97.26,1.3,171,C,Germination,FALSE,TRUE,2024-06-06T00:00:00Z,36,C5,1.02331593525995,3.72
11:39:53,6,1.426722,0.618519,0.923259,87.8,23.04,24.57,97.26,0.8,167,C,Germination,FALSE,TRUE,2024-06-06T00:00:00Z,36,C6,2.4874736861096616,3.82
11:40:01,7,1.415855,0.461704,0.744564,86.17,23.07,23.48,97.26,2.2,174,C,Germination,FALSE,TRUE,2024-06-06T00:00:00Z,36,C7,1.0698269231341437,3.95
11:40:07,8,2.244039,0.420256,0.753978,87.26,23.11,23.45,97.26,1.8,164,C,Germination,FALSE,TRUE,2024-06-06T00:00:00Z,36,C8,1.1199422270354777,4.05
11:40:15,9,1.184456,0.581357,0.740114,86.54,23.14,24.26,97.26,1.1,173,C,Germination,FALSE,TRUE,2024-06-06T00:00:00Z,36,C9,1.0465611550624638,4.18
11:40:22,10,1.326902,0.567592,0.724014,86.72,23.18,24.24,97.26,1.5,166,C,Germination,FALSE,TRUE,2024-06-06T00:00:00Z,36,C10,0.9644605894224026,4.3
11:40:31,11,1.765128,0.450591,0.740566,86.2,23.22,23.54,97.26,2.5,176,C,Germination,FALSE,TRUE,2024-06-06T00:00:00Z,36,C11,1.0489124237058867,4.45
11:40:38,12,2.231601,0.456907,0.738123,87.04,23.25,23.74,97.26,2.1,160,C,Germination,FALSE,TRUE,2024-06-06T00:00:00Z,36,C12,1.036235549501051,4.57
11:40:51,1,2.113789,0.450617,0.740981,86.27,23.32,23.64,97.26,0.8,145,D,Germ+Trans,TRUE,TRUE,2024-06-06T00:00:00Z,36,D1,1.0510735658594577,4.78
11:41:01,2,0.972439,0.611841,0.750408,85.48,23.36,24.44,97.26,0.7,153,D,Germ+Trans,TRUE,TRUE,2024-06-06T00:00:00Z,36,D2,1.1007894739164292,4.95
11:41:08,3,0.988938,0.60641,0.745644,85.53,23.4,24.45,97.26,1.6,168,D,Germ+Trans,TRUE,TRUE,2024-06-06T00:00:00Z,36,D3,1.0755134139732117,5.07
11:41:15,4,1.678052,0.554079,0.740131,87.33,23.43,24.48,97.27,2.3,148,D,Germ+Trans,TRUE,TRUE,2024-06-06T00:00:00Z,36,D4,1.0466495396692508,5.18
11:41:26,5,0.896756,0.640261,0.74167400000000006,85.81,23.49,24.75,97.26,1.3,155,D,Germ+Trans,TRUE,TRUE,2024-06-06T00:00:00Z,36,D5,1.0546874403382562,5.37
11:41:32,6,0.974573,0.633336,0.745174,86.05,23.51,24.77,97.26,1.5,170,D,Germ+Trans,TRUE,TRUE,2024-06-06T00:00:00Z,36,D6,1.0730367888478134,5.47
11:41:40,7,1.576819,0.519285,0.740796,86.73,23.56,24.29,97.27,1.8,146,D,Germ+Trans,TRUE,TRUE,2024-06-06T00:00:00Z,36,D7,1.050109887291546,5.6
11:41:48,8,0.933987,0.607285,0.755932,85.59,23.59,24.62,97.26,1.5,165,D,Germ+Trans,TRUE,TRUE,2024-06-06T00:00:00Z,36,D8,1.1305045500527455,5.73
11:41:54,9,1.3432,0.534168,0.757633,85.96,23.62,24.31,97.27,1,143,D,Germ+Trans,TRUE,TRUE,2024-06-06T00:00:00Z,36,D9,1.1397459932157488,5.83
11:42:03,10,1.271176,0.463191,0.754432,84.79,23.66,23.76,97.27,1.1,158,D,Germ+Trans,TRUE,TRUE,2024-06-06T00:00:00Z,36,D10,1.1223912536106329,5.98
11:42:10,11,1.031943,0.563736,0.744986,84.82,23.69,24.34,97.26,1.1,136,D,Germ+Trans,TRUE,TRUE,2024-06-06T00:00:00Z,36,D11,1.0720469806445272,6.1
11:42:16,12,0.752918,0.66017,0.74418,84.54,23.72,24.84,97.27,0.9,154,D,Germ+Trans,TRUE,TRUE,2024-06-06T00:00:00Z,36,D12,1.067808868884046,6.2
10:51:39,1,1.058006,0.710224,0.716088,84.49,22.98,24.52,97.83,1.3,378,A,Control,FALSE,FALSE,2024-06-13T00:00:00Z,43,A1,0.9251387334463648,0
10:51:49,2,0.971694,0.79133,0.7418,84.84,23.05,25.06,97.84,1.9,288,A,Control,FALSE,FALSE,2024-06-13T00:00:00Z,43,A2,1.0553451866429484,0.17
10:52:02,3,0.796761,0.858687,0.730021,83.84,23.15,25.34,97.84,1.2,431,A,Control,FALSE,FALSE,2024-06-13T00:00:00Z,43,A3,0.9947291226562102,0.38
10:52:12,4,0.85906,0.891223,0.711638,84.39,23.22,25.64,97.83,2.5,435,A,Control,FALSE,FALSE,2024-06-13T00:00:00Z,43,A4,0.9033527198658162,0.55
10:52:20,5,0.922737,0.795288,0.716058,84.52,23.28,25.21,97.83,1.5,470,A,Control,FALSE,FALSE,2024-06-13T00:00:00Z,43,A5,0.9249911773142059,0.68
10:52:31,6,0.94313,0.652964,0.641809,83.3,23.36,24.32,97.82,3.8,462,A,Control,FALSE,FALSE,2024-06-13T00:00:00Z,43,A6,0.5832243879547607,0.87
10:52:40,7,0.793476,0.814701,0.728336,83.67,23.42,25.29,97.82,2.7,449,A,Control,FALSE,FALSE,2024-06-13T00:00:00Z,43,A7,0.9861964716084531,1.02
10:52:59,8,0.887026,0.743062,0.482727,83.38,23.57,24.98,97.83,1.5,446,A,Control,FALSE,FALSE,2024-06-13T00:00:00Z,43,A8,-0.06911950509693733,1.33
10:53:07,9,0.700923,0.853859,0.749362,82.75,23.62,25.5,97.83,1.8,299,A,Control,FALSE,FALSE,2024-06-13T00:00:00Z,43,A9,1.0952125108016746,1.47
10:53:21,10,0.536413,0.946628,0.718918,81.92,23.72,25.92,97.83,1.8,435,A,Control,FALSE,FALSE,2024-06-13T00:00:00Z,43,A10,0.9391008622185952,1.7
10:53:27,11,0.599563,0.954144,0.692816,82.15,23.76,26.03,97.83,2.2,455,A,Control,FALSE,FALSE,2024-06-13T00:00:00Z,43,A11,0.8133175350859689,1.8
10:53:34,12,0.502831,0.977357,0.705858,81.29,23.8,26.05,97.84,1.7,390,A,Control,FALSE,FALSE,2024-06-13T00:00:00Z,43,A12,0.875351440186492,1.92
10:53:52,1,0.495992,1.018437,0.714538,81.86,23.93,26.43,97.84,2.4,388,B,Transplantation,TRUE,FALSE,2024-06-13T00:00:00Z,43,B1,0.9175272595878591,2.22
10:54:04,2,0.685963,0.816736,0.720616,82.2,24.01,25.53,97.84,1.9,438,B,Transplantation,TRUE,FALSE,2024-06-13T00:00:00Z,43,B2,0.9475192221725676,2.42
10:54:12,3,0.54066,0.86609,0.710228,81.3,24.06,25.68,97.83,1.9,402,B,Transplantation,TRUE,FALSE,2024-06-13T00:00:00Z,43,B3,0.8964916383845221,2.55
10:54:18,4,0.748311,0.671803,0.738964,81.53,24.11,24.74,97.83,1.7,376,B,Transplantation,TRUE,FALSE,2024-06-13T00:00:00Z,43,B4,1.0405908764370213,2.65
10:54:25,5,0.581578,0.858274,0.742967,81.67,24.15,25.76,97.83,1.8,376,B,Transplantation,TRUE,FALSE,2024-06-13T00:00:00Z,43,B5,1.0614471478744318,2.77
10:54:30,6,0.541572,0.961905,0.7331,82.33,24.19,26.4,97.83,0.5,402,B,Transplantation,TRUE,FALSE,2024-06-13T00:00:00Z,43,B6,1.0104080618190623,2.85
10:54:43,7,0.711865,0.773814,0.569344,82.7,24.28,25.59,97.83,1.5,393,B,Transplantation,TRUE,FALSE,2024-06-13T00:00:00Z,43,B7,0.27917519330204543,3.07
10:54:50,8,0.618179,0.872773,0.735211,82.5,24.32,26.09,97.83,2.3,423,B,Transplantation,TRUE,FALSE,2024-06-13T00:00:00Z,43,B8,1.0212242504301614,3.18
10:54:56,9,0.522335,0.861301,0.741849,81.7,24.36,25.94,97.83,3.2,389,B,Transplantation,TRUE,FALSE,2024-06-13T00:00:00Z,43,B9,1.0556010333795096,3.28
10:55:02,10,0.59304,0.883963,0.745144,81.81,24.4,26.1,97.83,1.7,345,B,Transplantation,TRUE,FALSE,2024-06-13T00:00:00Z,43,B10,1.0728788085226768,3.38
10:55:10,11,0.523249,0.753524,0.719581,80.06,24.45,25.2,97.83,1.5,418,B,Transplantation,TRUE,FALSE,2024-06-13T00:00:00Z,43,B11,0.9423841849630914,3.52
10:55:19,1,0.520411,0.875673,0.729561,80.37,24.51,25.91,97.83,1.4,422,C,Germination,FALSE,TRUE,2024-06-13T00:00:00Z,43,C1,0.9923964188462576,3.67
10:55:35,1,0.425905,0.740791,0.699447,78.98,24.61,25.08,97.82,2.4,179,C,Germination,FALSE,TRUE,2024-06-13T00:00:00Z,43,C1,0.8446659116933907,3.93
10:55:48,2,0.435714,0.936474,0.715938,80.44,24.68,26.36,97.82,2.1,175,C,Germination,FALSE,TRUE,2024-06-13T00:00:00Z,43,C2,0.924401046838324,4.15
10:55:54,3,0.366695,0.956461,0.994047,80.02,24.72,26.42,97.82,2.8,173,C,Germination,FALSE,TRUE,2024-06-13T00:00:00Z,43,C3,5.117889195069698,4.25
10:56:13,4,0.225656,0.899796,0.7311,77.28,24.83,25.79,97.82,2.3,193,C,Germination,FALSE,TRUE,2024-06-13T00:00:00Z,43,C4,1.000210686024451,4.57
10:56:19,5,0.28062,0.892837,0.704148,77.84,24.87,25.87,97.82,3.1,203,C,Germination,FALSE,TRUE,2024-06-13T00:00:00Z,43,C5,0.8671292320537349,4.67
10:56:28,6,0.727926,0.583116,0.708048,78.98,24.92,24.48,97.82,1.8,185,C,Germination,FALSE,TRUE,2024-06-13T00:00:00Z,43,C6,0.8859224828116236,4.82
10:56:34,7,0.484963,0.753919,0.701479,78.33,24.95,25.3,97.82,1.9,170,C,Germination,FALSE,TRUE,2024-06-13T00:00:00Z,43,C7,0.8543506811258008,4.92
10:56:40,8,0.427031,0.786487,0.727123,78.09,24.98,25.46,97.82,1.7,173,C,Germination,FALSE,TRUE,2024-06-13T00:00:00Z,43,C8,0.9800745074619255,5.02
10:56:46,9,0.354798,0.710813,0.73651,77.35,25.01,24.96,97.82,1.3,230,C,Germination,FALSE,TRUE,2024-06-13T00:00:00Z,43,C9,1.0279073969458912,5.12
10:56:52,10,0.221355,0.842337,0.729208,76.54,25.05,25.54,97.82,1.9,315,C,Germination,FALSE,TRUE,2024-06-13T00:00:00Z,43,C10,0.9906080151671163,5.22
10:57:01,11,0.087601,0.891073,0.716303,75.48,25.1,25.65,97.82,2.4,181,C,Germination,FALSE,TRUE,2024-06-13T00:00:00Z,43,C11,0.9261964945926282,5.37
10:57:08,12,0.306225,0.776861,0.694413,76.54,25.13,25.26,97.82,1.4,204,C,Germination,FALSE,TRUE,2024-06-13T00:00:00Z,43,C12,0.8208323672485279,5.48
10:57:20,1,0.128473,0.781473,0.735017,75.16,25.19,25.1,97.82,1.6,350,D,Germ+Trans,TRUE,TRUE,2024-06-13T00:00:00Z,43,D1,1.0202279552119944,5.68
10:57:38,2,0.070927,0.719198,0.754282,74.68,25.29,24.76,97.82,1.9,272,D,Germ+Trans,TRUE,TRUE,2024-06-13T00:00:00Z,43,D2,1.12158176647344,5.98
10:57:45,3,0.072391,1.367962,0.733749,74.86,25.32,28,97.82,1.3,301,D,Germ+Trans,TRUE,TRUE,2024-06-13T00:00:00Z,43,D3,1.013727535394241,6.1
10:57:50,4,0.191766,0.737949,0.750491,75.49,25.35,25.05,97.82,2.2,294,D,Germ+Trans,TRUE,TRUE,2024-06-13T00:00:00Z,43,D4,1.1012326723110046,6.18
10:57:58,5,0.209695,0.900193,0.692069,75.7,25.39,25.95,97.82,2.5,393,D,Germ+Trans,TRUE,TRUE,2024-06-13T00:00:00Z,43,D5,0.8098099297275376,6.32
10:58:07,6,0.289673,0.797053,0.704369,76.27,25.44,25.56,97.82,1.7,406,D,Germ+Trans,TRUE,TRUE,2024-06-13T00:00:00Z,43,D6,0.8681903115445528,6.47
10:58:13,7,0.360588,0.634507,0.75025,75.89,25.47,24.66,97.82,2,304,D,Germ+Trans,TRUE,TRUE,2024-06-13T00:00:00Z,43,D7,1.0999460667918135,6.57
10:58:19,8,0.119621,0.984639,0.706473,74.81,25.5,26.3,97.82,1.3,256,D,Germ+Trans,TRUE,TRUE,2024-06-13T00:00:00Z,43,D8,0.878315356611074,6.67
10:58:24,9,0.150506,0.694489,0.757974,74.9,25.53,24.85,97.82,2.1,351,D,Germ+Trans,TRUE,TRUE,2024-06-13T00:00:00Z,43,D9,1.1416039258603645,6.75
10:58:30,10,0.35955,0.607043,0.760518,75.74,25.56,24.55,97.82,1,263,D,Germ+Trans,TRUE,TRUE,2024-06-13T00:00:00Z,43,D10,1.1555215226079307,6.85
10:58:39,11,0.35956,0.692607,0.745072,75.74,25.59,25.04,97.82,2.4,323,D,Germ+Trans,TRUE,TRUE,2024-06-13T00:00:00Z,43,D11,1.0724997056569492,7
10:58:49,12,0.3618,0.782866,0.709528,75.43,25.64,25.49,97.82,2.2,218,D,Germ+Trans,TRUE,TRUE,2024-06-13T00:00:00Z,43,D12,0.8930927741285433,7.17
12:28:40,1,1.783852,1.072361,0.718952,79.14,24.69,26.83,97.32,3.7,330,A,Control,FALSE,FALSE,2024-06-27T00:00:00Z,57,A1,0.9392691228532366,0
12:28:46,2,2.456691,1.020757,0.732649,83.14,24.73,27.2,97.33,3.2,271,A,Control,FALSE,FALSE,2024-06-27T00:00:00Z,57,A2,1.0081043313719613,0.1
12:28:52,3,1.245295,1.060553,0.749023,80.2,24.75,26.97,97.32,3.8,273,A,Control,FALSE,FALSE,2024-06-27T00:00:00Z,57,A3,1.0934083891888513,0.2
12:29:08,5,1.66599,0.817047,0.749932,82.34,24.83,26.17,97.31,9.3,230,A,Control,FALSE,FALSE,2024-06-27T00:00:00Z,57,A5,1.0982496548762661,0.47
12:30:08,6,3.331275,0.690845,0.707141,87.05,25.1,26.5,97.32,7.2,300,A,Control,FALSE,FALSE,2024-06-27T00:00:00Z,57,A6,0.8815388157208996,1.47
12:30:15,7,2.103332,0.767866,0.715938,86.36,25.14,26.8,97.32,8.9,382,A,Control,FALSE,FALSE,2024-06-27T00:00:00Z,57,A7,0.924401046838324,1.58
12:30:22,8,1.138138,0.872097,0.716697,84.08,25.18,26.97,97.33,6.5,210,A,Control,FALSE,FALSE,2024-06-27T00:00:00Z,57,A8,0.9281361608777741,1.7
12:30:30,9,2.48861,0.709193,0.706013,86.27,25.22,26.56,97.33,7.8,293,A,Control,FALSE,FALSE,2024-06-27T00:00:00Z,57,A9,0.8760981022474715,1.83
12:30:39,10,1.276441,0.852607,0.745255,84.24,25.26,26.97,97.33,3.6,299,A,Control,FALSE,FALSE,2024-06-27T00:00:00Z,57,A10,1.0734633968688325,1.98
12:30:57,11,3.51063,0.583711,0.780929,86.54,25.36,26.1,97.32,7.7,32,A,Control,FALSE,FALSE,2024-06-27T00:00:00Z,57,A11,1.2710883584283124,2.28
12:31:20,1,1.998225,0.714926,0.766286,86.03,25.49,26.77,97.32,9.7,185,B,Transplantation,TRUE,FALSE,2024-06-27T00:00:00Z,57,B1,1.1874573225895197,2.67
12:31:48,4,0.977258,0.907759,0.732816,84.82,25.64,27.61,97.33,9.3,345,B,Transplantation,TRUE,FALSE,2024-06-27T00:00:00Z,57,B4,1.0089570875526197,3.13
12:32:29,9,1.206443,0.774022,0.752436,84.06,25.88,27.05,97.33,3.7,350,B,Transplantation,TRUE,FALSE,2024-06-27T00:00:00Z,57,B9,1.1116468087324312,3.82
12:32:35,10,1.585917,0.704826,0.992801,84.73,25.92,26.86,97.33,9.7,417,B,Transplantation,TRUE,FALSE,2024-06-27T00:00:00Z,57,B10,4.9265881136549465,3.92
12:32:59,12,1.403075,0.512873,0.761261,82.32,26.04,25.61,97.34,4.2,253,B,Transplantation,TRUE,FALSE,2024-06-27T00:00:00Z,57,B12,1.1596053638366024,4.32
12:33:11,1,1.23915,0.922444,0.705945,85.79,26.11,28.19,97.34,1.2,209,C,Germination,FALSE,TRUE,2024-06-27T00:00:00Z,57,C1,0.8757705061035735,4.52
12:33:31,3,1.70111,0.786614,0.995055,87.08,26.22,27.86,97.33,9.7,207,C,Germination,FALSE,TRUE,2024-06-27T00:00:00Z,57,C3,5.304421046938149,4.85
12:33:37,4,1.948682,0.637662,0.746097,86.15,26.26,27.05,97.33,2,247,C,Germination,FALSE,TRUE,2024-06-27T00:00:00Z,57,C4,1.0779033142443684,4.95
12:33:44,5,2.590722,0.544011,0.740361,85.91,26.29,26.59,97.33,9.3,228,C,Germination,FALSE,TRUE,2024-06-27T00:00:00Z,57,C5,1.0478457004106838,5.07
12:33:51,6,1.594853,0.656628,0.73767,85.25,26.33,27.05,97.34,7.6,149,C,Germination,FALSE,TRUE,2024-06-27T00:00:00Z,57,C6,1.0338933169372944,5.18
12:33:58,7,1.355204,0.680627,0.745232,84.65,26.36,27.09,97.34,4,139,C,Germination,FALSE,TRUE,2024-06-27T00:00:00Z,57,C7,1.0733422521836207,5.3
12:34:10,9,1.062025,0.741711,0.745409,83.51,26.43,27.25,97.34,9,215,C,Germination,FALSE,TRUE,2024-06-27T00:00:00Z,57,C9,1.0742747250959204,5.5
12:34:17,10,1.233245,0.610525,0.827462,82.89,26.46,26.54,97.34,3.7,303,C,Germination,FALSE,TRUE,2024-06-27T00:00:00Z,57,C10,1.5677456826804055,5.62
12:34:23,11,1.402472,0.546317,0.741274,82.54,26.49,26.19,97.34,4.1,287,C,Germination,FALSE,TRUE,2024-06-27T00:00:00Z,57,C11,1.0526007408735838,5.72
12:34:42,1,0.796651,0.890193,0.738607,82.82,26.58,27.94,97.34,5.5,262,D,Germ+Trans,TRUE,TRUE,2024-06-27T00:00:00Z,57,D1,1.0387409578145859,6.03
12:35:10,5,0.858528,0.686956,0.744292,81.36,26.72,26.87,97.34,8.5,441,D,Germ+Trans,TRUE,TRUE,2024-06-27T00:00:00Z,57,D5,1.0683972624821596,6.5
12:35:16,6,0.896573,0.721878,0.71928,81.64,26.75,27.11,97.34,2.8,440,D,Germ+Trans,TRUE,TRUE,2024-06-27T00:00:00Z,57,D6,0.9408929804015579,6.6
12:35:39,9,0.717974,0.757758,0.729862,80.85,26.87,27.24,97.35,4.4,454,D,Germ+Trans,TRUE,TRUE,2024-06-27T00:00:00Z,57,D9,0.9939225356393347,6.98
12:35:44,10,0.652236,0.73935,0.89498,80.28,26.9,27.08,97.35,4.1,351,D,Germ+Trans,TRUE,TRUE,2024-06-27T00:00:00Z,57,D10,2.142650563446743,7.07
12:36:03,12,0.699224,0.750085,0.726439,79.97,26.99,27.15,97.35,5.7,283,D,Germ+Trans,TRUE,TRUE,2024-06-27T00:00:00Z,57,D12,0.9766298835447655,7.38
12:15:23,1,0.608796,1.278483,0.679518,75.56,24.35,27.05,98.79,2,308,A,Control,FALSE,FALSE,2024-06-20T00:00:00Z,50,A1,0.7515576107694909,0
12:15:29,2,0.778166,1.19042,0.684086,77.68,24.37,26.96,98.79,1.4,369,A,Control,FALSE,FALSE,2024-06-20T00:00:00Z,50,A2,0.772613616065094,0.1
12:15:35,3,0.710474,1.413679,0.686296,78.97,24.4,28.19,98.79,2.1,339,A,Control,FALSE,FALSE,2024-06-20T00:00:00Z,50,A3,0.7828591553912969,0.2
12:15:46,4,0.598439,1.292177,0.692163,78.07,24.45,27.54,98.79,5.6,246,A,Control,FALSE,FALSE,2024-06-20T00:00:00Z,50,A4,0.8102510549056656,0.38
12:15:58,5,0.623511,1.174869,0.695557,78.67,24.5,27.11,98.79,8.4,380,A,Control,FALSE,FALSE,2024-06-20T00:00:00Z,50,A5,0.826229085923991,0.58
12:16:07,6,0.651466,1.113805,0.698087,78.86,24.53,26.87,98.8,2.2,342,A,Control,FALSE,FALSE,2024-06-20T00:00:00Z,50,A6,0.838204840427226,0.73
12:16:17,7,0.381837,1.438394,0.682708,78.29,24.58,28.32,98.8,1.7,252,A,Control,FALSE,FALSE,2024-06-20T00:00:00Z,50,A7,0.7662447569945268,0.9
12:16:32,9,0.426661,1.271891,0.692138,78.38,24.65,27.62,98.8,1.6,263,A,Control,FALSE,FALSE,2024-06-20T00:00:00Z,50,A9,0.8101337270808145,1.15
12:17:21,10,0.431851,0.93848,0.736049,76.79,24.91,25.97,98.78,1.9,276,A,Control,FALSE,FALSE,2024-06-20T00:00:00Z,50,A10,1.0255332127409698,1.97
12:17:29,11,0.586224,0.9681,0.705993,78.18,24.96,26.37,98.78,2.9,303,A,Control,FALSE,FALSE,2024-06-20T00:00:00Z,50,A11,0.8760017458508748,2.1
12:18:27,1,0.411691,1.035395,0.711526,76.09,25.33,26.64,98.79,2.1,424,B,Transplantation,TRUE,FALSE,2024-06-20T00:00:00Z,50,B1,0.9028069988082306,3.07
12:18:47,3,0.62361,0.927721,0.705569,77.05,25.47,26.36,98.78,2.4,520,B,Transplantation,TRUE,FALSE,2024-06-20T00:00:00Z,50,B3,0.8739598892628584,3.4
12:18:53,4,0.396853,0.991331,0.995321,75.94,25.51,26.52,98.78,5.3,516,B,Transplantation,TRUE,FALSE,2024-06-20T00:00:00Z,50,B4,5.359980886311438,3.5
12:19:08,6,0.241239,1.083791,0.704142,73.93,25.6,26.72,98.78,1.4,512,B,Transplantation,TRUE,FALSE,2024-06-20T00:00:00Z,50,B6,0.8671004308766616,3.75
12:19:31,7,0.1581,1.111878,0.728824,73.13,25.75,26.83,98.79,6.3,467,B,Transplantation,TRUE,FALSE,2024-06-20T00:00:00Z,50,B7,0.9886642196737105,4.13
12:19:36,8,0.374884,1.06357,0.700657,74.59,25.78,26.85,98.79,3.2,574,B,Transplantation,TRUE,FALSE,2024-06-20T00:00:00Z,50,B8,0.8504283931899326,4.22
12:19:42,9,0.400191,0.871953,0.740677,74.11,25.82,25.86,98.79,1.7,405,B,Transplantation,TRUE,FALSE,2024-06-20T00:00:00Z,50,B9,1.0494902438712217,4.32
12:19:51,10,0.126315,1.150408,0.717871,72.65,25.87,27.02,98.8,1.4,388,B,Transplantation,TRUE,FALSE,2024-06-20T00:00:00Z,50,B10,0.9339254740185107,4.47
12:20:06,12,0.374103,0.902417,0.718911,73.6,25.95,26.02,98.8,1.7,426,B,Transplantation,TRUE,FALSE,2024-06-20T00:00:00Z,50,B12,0.9390662218619968,4.72
12:20:31,1,0.223412,1.186485,0.702179,74.08,26.09,27.57,98.8,3.7,250,C,Germination,FALSE,TRUE,2024-06-20T00:00:00Z,50,C1,0.8576957223881737,5.13
12:20:38,2,0.569252,1.045712,0.69937,76.97,26.14,27.4,98.79,2.1,216,C,Germination,FALSE,TRUE,2024-06-20T00:00:00Z,50,C2,0.8442996570618937,5.25
12:20:45,3,0.284695,0.933335,0.690654,74,26.18,26.41,98.79,2.3,200,C,Germination,FALSE,TRUE,2024-06-20T00:00:00Z,50,C3,0.8031785832191535,5.37
12:20:51,4,0.15912,0.952574,0.781236,73.18,26.21,26.39,98.79,3.4,311,C,Germination,FALSE,TRUE,2024-06-20T00:00:00Z,50,C4,1.2728837577002352,5.47
12:20:57,5,0.386679,1.028824,0.705543,75.02,26.24,27.08,98.79,5.9,342,C,Germination,FALSE,TRUE,2024-06-20T00:00:00Z,50,C5,0.8738347368722307,5.57
12:21:04,6,-0.108064,1.013729,0.711234,69.9,26.28,26.19,98.79,3.5,347,C,Germination,FALSE,TRUE,2024-06-20T00:00:00Z,50,C6,0.9013848180249163,5.68
12:21:17,8,0.25729,1.0364,0.706232,72.54,26.34,26.79,98.79,1.8,225,C,Germination,FALSE,TRUE,2024-06-20T00:00:00Z,50,C8,0.8771534552334153,5.9
12:21:22,9,0.055039,1.769443,0.704403,70.86,26.37,29.81,98.79,1.3,176,C,Germination,FALSE,TRUE,2024-06-20T00:00:00Z,50,C9,0.868353595384014,5.98
12:21:27,10,-0.00446,0.941276,0.724614,70.14,26.4,25.95,98.79,2.8,157,C,Germination,FALSE,TRUE,2024-06-20T00:00:00Z,50,C10,0.9674653494254907,6.07
12:21:33,11,-0.051592,1.126092,0.974207,69.48,26.42,26.76,98.8,2.3,175,C,Germination,FALSE,TRUE,2024-06-20T00:00:00Z,50,C11,3.6315206694447344,6.17
12:21:40,12,0.015657,0.818158,0.720993,69.99,26.46,25.34,98.8,1.6,152,C,Germination,FALSE,TRUE,2024-06-20T00:00:00Z,50,C12,0.9493925573875933,6.28
12:21:54,1,0.257375,0.829387,0.746765,71.22,26.52,25.66,98.8,2.4,279,D,Germ+Trans,TRUE,TRUE,2024-06-20T00:00:00Z,50,D1,1.0814326325735792,6.52
12:22:03,2,0.171996,0.92404,0.72785,70.43,26.57,26.04,98.8,2.1,276,D,Germ+Trans,TRUE,TRUE,2024-06-20T00:00:00Z,50,D2,0.9837415981304608,6.67
12:22:08,3,-0.114517,1.0288,0.997326,68.27,26.59,26.2,98.8,2.1,311,D,Germ+Trans,TRUE,TRUE,2024-06-20T00:00:00Z,50,D3,5.921502218778315,6.75
12:22:14,4,0.174539,0.883868,0.734044,70.6,26.62,25.9,98.8,1.9,307,D,Germ+Trans,TRUE,TRUE,2024-06-20T00:00:00Z,50,D4,1.015238090756406,6.85
12:22:20,5,0.261726,0.85348,0.735424,71.15,26.65,25.87,98.8,1.6,349,D,Germ+Trans,TRUE,TRUE,2024-06-20T00:00:00Z,50,D5,1.02231865901592,6.95
12:22:30,6,-0.092275,1.303014,0.967932,68.24,26.7,27.58,98.79,3.8,402,D,Germ+Trans,TRUE,TRUE,2024-06-20T00:00:00Z,50,D6,3.4073031886944865,7.12
12:22:37,7,0.168884,1.092601,0.72145,70.98,26.73,27.07,98.8,1.3,397,D,Germ+Trans,TRUE,TRUE,2024-06-20T00:00:00Z,50,D7,0.9516654992764405,7.23
12:22:42,8,0.290501,0.983278,0.717654,71.62,26.76,26.67,98.8,1.6,421,D,Germ+Trans,TRUE,TRUE,2024-06-20T00:00:00Z,50,D8,0.9328542895452469,7.32
12:22:51,9,0.203961,0.856233,0.722283,70.88,26.8,25.95,98.79,1.2,482,D,Germ+Trans,TRUE,TRUE,2024-06-20T00:00:00Z,50,D9,0.9558144192730661,7.47
12:22:58,10,0.14413,1.008926,0.730293,70.32,26.83,26.62,98.79,2.1,415,D,Germ+Trans,TRUE,TRUE,2024-06-20T00:00:00Z,50,D10,0.9961096389046953,7.58
12:23:08,11,0.009463,2.348222,0.661049,69.44,26.88,32.15,98.79,1.1,467,D,Germ+Trans,TRUE,TRUE,2024-06-20T00:00:00Z,50,D11,0.6679724130498104,7.75
12:23:24,12,0.031861,0.975534,0.718949,68.87,26.97,26.3,98.79,2.8,435,D,Germ+Trans,TRUE,TRUE,2024-06-20T00:00:00Z,50,D12,0.9392542758279686,8.02
12:18:14,1,0.446973,1.186814,0.71379,76,24.83,27,97.73,2.1,338,A,Control,FALSE,FALSE,2024-06-25T00:00:00Z,55,A1,0.9138629943185276,0
12:18:21,2,0.539412,1.209882,0.69433,77.7,24.87,27.39,97.73,2.5,339,A,Control,FALSE,FALSE,2024-06-25T00:00:00Z,55,A2,0.8204412631589121,0.12
12:18:39,3,0.608585,1.156909,0.701231,79.29,24.97,27.45,97.74,3.5,287,A,Control,FALSE,FALSE,2024-06-25T00:00:00Z,55,A3,0.8531666624458988,0.42
12:18:56,5,0.457859,1.092221,0.709186,77.4,25.07,26.92,97.72,2.3,304,A,Control,FALSE,FALSE,2024-06-25T00:00:00Z,55,A5,0.8914339458983003,0.7
12:19:07,6,0.532137,0.967967,0.700051,77.34,25.13,26.36,97.72,3.1,298,A,Control,FALSE,FALSE,2024-06-25T00:00:00Z,55,A6,0.8475407293277458,0.88
12:19:43,7,0.364848,1.153891,0.694488,75.35,25.35,27.1,97.71,3,303,A,Control,FALSE,FALSE,2024-06-25T00:00:00Z,55,A7,0.8211858257181275,1.48
12:19:59,9,0.158499,1.166386,0.721336,73.23,25.44,26.89,97.71,1.8,201,A,Control,FALSE,FALSE,2024-06-25T00:00:00Z,55,A9,0.9510982931562852,1.75
12:20:10,10,0.129889,1.32321,0.713447,73.17,25.51,27.67,97.72,2,304,A,Control,FALSE,FALSE,2024-06-25T00:00:00Z,55,A10,0.9121846421279727,1.93
12:20:25,11,0.285574,0.91403,0.734008,73.95,25.6,25.88,97.72,0.8,290,A,Control,FALSE,FALSE,2024-06-25T00:00:00Z,55,A11,1.0150536945962196,2.18
12:20:31,12,0.107305,1.137651,0.71065,72.29,25.64,26.74,97.72,3.9,224,A,Control,FALSE,FALSE,2024-06-25T00:00:00Z,55,A12,0.8985430161651731,2.28
12:20:51,1,0.100739,0.914529,0.738408,71.51,25.76,25.59,97.72,1.8,343,B,Transplantation,TRUE,FALSE,2024-06-25T00:00:00Z,55,B1,1.03771047929046,2.62
12:21:08,2,0.496873,0.892678,0.735003,73.61,25.86,25.91,97.72,1.5,441,B,Transplantation,TRUE,FALSE,2024-06-25T00:00:00Z,55,B2,1.0201560756697348,2.9
12:21:15,3,0.193296,0.983178,0.720898,71.31,25.9,26.01,97.72,2.2,478,B,Transplantation,TRUE,FALSE,2024-06-25T00:00:00Z,55,B3,0.9489203506898308,3.02
12:21:25,4,0.033625,1.078846,0.742123,69.65,25.96,26.25,97.72,2.4,420,B,Transplantation,TRUE,FALSE,2024-06-25T00:00:00Z,55,B4,1.0570322705664918,3.18
12:21:31,5,0.021447,1.050455,0.722767,69.37,25.99,26.08,97.72,2.4,396,B,Transplantation,TRUE,FALSE,2024-06-25T00:00:00Z,55,B5,0.9582285940435605,3.28
12:21:36,6,0.220385,1.029581,0.717171,70.83,26.02,26.24,97.73,1.8,482,B,Transplantation,TRUE,FALSE,2024-06-25T00:00:00Z,55,B6,0.9304718311545407,3.37
12:21:49,8,0.023044,1.02245,0.704346,68.98,26.1,25.95,97.73,4.1,466,B,Transplantation,TRUE,FALSE,2024-06-25T00:00:00Z,55,B8,0.8680798610088102,3.58
12:21:57,9,0.127822,0.969723,0.703929,69.44,26.14,25.79,97.73,1.5,469,B,Transplantation,TRUE,FALSE,2024-06-25T00:00:00Z,55,B9,0.866078208373435,3.72
12:22:05,10,0.025493,1.17387,0.710442,68.66,26.18,26.69,97.72,1.2,459,B,Transplantation,TRUE,FALSE,2024-06-25T00:00:00Z,55,B10,0.8975316891822387,3.85
12:22:12,11,0.098063,1.086869,0.710624,69.19,26.22,26.38,97.72,1.5,484,B,Transplantation,TRUE,FALSE,2024-06-25T00:00:00Z,55,B11,0.8984165767337795,3.97
12:22:19,12,0.037942,1.231692,0.724958,68.49,26.25,26.99,97.72,1,438,B,Transplantation,TRUE,FALSE,2024-06-25T00:00:00Z,55,B12,0.9691899088644488,4.08
12:22:35,1,0.010757,1.297301,0.720209,69.24,26.34,27.48,97.71,8.2,274,C,Germination,FALSE,TRUE,2024-06-25T00:00:00Z,55,C1,0.9454985517841242,4.35
12:22:46,2,0.635908,0.792835,0.699271,73.65,26.4,25.81,97.72,1.4,312,C,Germination,FALSE,TRUE,2024-06-25T00:00:00Z,55,C2,0.843828836827975,4.53
12:22:53,3,0.299071,0.905868,0.704612,71.53,26.43,26.04,97.72,4.2,226,C,Germination,FALSE,TRUE,2024-06-25T00:00:00Z,55,C3,0.8693575503137297,4.65
12:22:58,4,0.025033,1.102885,0.714957,69.64,26.46,26.7,97.72,3.4,308,C,Germination,FALSE,TRUE,2024-06-25T00:00:00Z,55,C4,0.9195823549445797,4.73
12:23:21,7,0.043377,1.004925,0.720343,68.12,26.56,26.04,97.72,3.1,172,C,Germination,FALSE,TRUE,2024-06-25T00:00:00Z,55,C7,0.9461636352183974,5.12
12:23:30,8,0.008936,1.15095,0.725102,67.31,26.61,26.64,97.72,2.9,186,C,Germination,FALSE,TRUE,2024-06-25T00:00:00Z,55,C8,0.9699122148421144,5.27
12:23:36,9,0.03594,1.071123,0.709625,67.21,26.63,26.25,97.72,3.8,238,C,Germination,FALSE,TRUE,2024-06-25T00:00:00Z,55,C9,0.8935634704003169,5.37
12:23:42,10,0.141993,0.861278,0.717796,67.82,26.66,25.32,97.72,2.4,194,C,Germination,FALSE,TRUE,2024-06-25T00:00:00Z,55,C10,0.9335551924523926,5.47
12:23:47,11,-0.07533,1.047934,0.720972,66.22,26.68,26,97.72,4.3,250,C,Germination,FALSE,TRUE,2024-06-25T00:00:00Z,55,C11,0.9492881663706613,5.55
12:23:52,12,0.116442,1.017859,0.721129,67.8,26.7,26.14,97.72,2,181,C,Germination,FALSE,TRUE,2024-06-25T00:00:00Z,55,C12,0.950068730144174,5.63
12:24:05,1,0.077001,0.974877,0.737928,67.17,26.75,25.85,97.72,2.1,344,D,Germ+Trans,TRUE,TRUE,2024-06-25T00:00:00Z,55,D1,1.0352269836972,5.85
12:24:16,2,-0.06543,1.044601,0.749236,65.58,26.8,25.95,97.72,1.4,265,D,Germ+Trans,TRUE,TRUE,2024-06-25T00:00:00Z,55,D2,1.0945417628842193,6.03
12:24:22,3,0.167181,0.901319,0.742738,67.57,26.83,25.6,97.72,2.3,380,D,Germ+Trans,TRUE,TRUE,2024-06-25T00:00:00Z,55,D3,1.0602483371793014,6.13
12:24:29,4,-0.143137,0.955448,0.74664,65.49,26.86,25.52,97.72,2.9,312,D,Germ+Trans,TRUE,TRUE,2024-06-25T00:00:00Z,55,D4,1.0807717390271068,6.25
12:24:43,5,0.397996,0.92425,0.71619,68.75,26.92,25.99,97.72,1.7,384,D,Germ+Trans,TRUE,TRUE,2024-06-25T00:00:00Z,55,D5,0.9256404946996559,6.48
12:24:53,6,-0.040049,1.110718,0.744955,65.57,26.97,26.39,97.73,3.5,381,D,Germ+Trans,TRUE,TRUE,2024-06-25T00:00:00Z,55,D6,1.0718838136931215,6.65
12:25:00,7,0.228509,0.940124,0.734115,67.86,26.99,25.97,97.72,2.2,335,D,Germ+Trans,TRUE,TRUE,2024-06-25T00:00:00Z,55,D7,1.0156018076187558,6.77
12:25:07,8,0.289098,0.952296,0.758827,68.52,27.03,26.17,97.73,2.5,355,D,Germ+Trans,TRUE,TRUE,2024-06-25T00:00:00Z,55,D8,1.1462593016377594,6.88
12:25:16,9,-0.093673,0.93234,0.751067,65.72,27.06,25.59,97.72,2,372,D,Germ+Trans,TRUE,TRUE,2024-06-25T00:00:00Z,55,D9,1.1043110782136318,7.03
12:25:35,11,0.129996,1.007629,0.737379,67.36,27.14,26.32,97.73,1.3,347,D,Germ+Trans,TRUE,TRUE,2024-06-25T00:00:00Z,55,D11,1.0323900787500535,7.35
12:25:42,12,-0.127921,0.963502,0.747912,64.99,27.16,25.68,97.73,1.8,323,D,Germ+Trans,TRUE,TRUE,2024-06-25T00:00:00Z,55,D12,1.0875070910924123,7.47
12:56:11,1,0.088384,1.841678,0.717164,66.94,26.75,29.76,97.75,1.8,150,A,Control,FALSE,FALSE,2024-07-09T00:00:00Z,69,A1,0.9304373209027987,0
12:56:17,2,0.178588,1.902994,0.709904,69.97,26.77,30.46,97.75,3.5,143,A,Control,FALSE,FALSE,2024-07-09T00:00:00Z,69,A2,0.8949178469424348,0.1
12:56:23,3,0.983756,1.709869,0.715283,79.06,26.8,30.98,97.75,2,105,A,Control,FALSE,FALSE,2024-07-09T00:00:00Z,69,A3,0.921182564101171,0.2
12:56:29,4,1.335201,1.570985,0.730874,81.6,26.82,30.8,97.74,3.6,142,A,Control,FALSE,FALSE,2024-07-09T00:00:00Z,69,A4,0.9990614068487832,0.3
12:56:36,5,0.433391,1.65083,0.738318,76.03,26.84,30.35,97.74,4.4,99,A,Control,FALSE,FALSE,2024-07-09T00:00:00Z,69,A5,1.0372445999775473,0.42
12:56:43,6,0.415209,1.575117,0.716775,76.39,26.87,30.12,97.74,3.3,137,A,Control,FALSE,FALSE,2024-07-09T00:00:00Z,69,A6,0.928520349060801,0.53
12:56:50,7,0.527654,1.796395,0.735611,78.89,26.9,31.35,97.75,1.8,126,A,Control,FALSE,FALSE,2024-07-09T00:00:00Z,69,A7,1.0232799429163735,0.65
12:56:56,8,0.845494,1.532897,0.748135,81.05,26.92,30.64,97.75,3,123,A,Control,FALSE,FALSE,2024-07-09T00:00:00Z,69,A8,1.0886902132935699,0.75
12:57:24,12,0.755197,1.691424,0.782918,82.39,27.03,31.52,97.74,3.8,111,A,Control,FALSE,FALSE,2024-07-09T00:00:00Z,69,A12,1.282752802745588,1.22
12:57:37,1,0.717902,1.294075,0.763599,80.3,27.08,29.68,97.74,2.8,132,B,Transplantation,TRUE,FALSE,2024-07-09T00:00:00Z,69,B1,1.172513266623125,1.43
12:57:52,2,0.840306,1.017272,0.765328,80.21,27.14,28.52,97.74,3.8,116,B,Transplantation,TRUE,FALSE,2024-07-09T00:00:00Z,69,B2,1.1821157056015519,1.68
12:57:59,3,1.489691,0.883773,0.773411,81.51,27.17,28.16,97.74,7,107,B,Transplantation,TRUE,FALSE,2024-07-09T00:00:00Z,69,B3,1.2276727982575673,1.8
12:58:06,4,0.992888,1.096941,0.788806,80.75,27.2,28.99,97.74,4.3,63,B,Transplantation,TRUE,FALSE,2024-07-09T00:00:00Z,69,B4,1.3177432674127172,1.92
12:58:13,5,0.931892,1.29239,0.761251,81.82,27.23,30,97.74,6.9,122,B,Transplantation,TRUE,FALSE,2024-07-09T00:00:00Z,69,B5,1.1595503417817512,2.03
12:58:20,6,0.410828,1.13173,0.766354,77.29,27.26,28.64,97.74,6.1,92,B,Transplantation,TRUE,FALSE,2024-07-09T00:00:00Z,69,B6,1.1878370546019745,2.15
12:58:25,7,0.498805,1.280195,0.76987,78.04,27.28,29.41,97.74,4.2,88,B,Transplantation,TRUE,FALSE,2024-07-09T00:00:00Z,69,B7,1.207577302785998,2.23
12:58:30,8,0.472397,1.19589,0.76409,77.59,27.3,29,97.75,5,107,B,Transplantation,TRUE,FALSE,2024-07-09T00:00:00Z,69,B8,1.175235206916902,2.32
12:58:37,9,0.706522,0.853044,0.771504,77.7,27.32,27.51,97.74,4.6,125,B,Transplantation,TRUE,FALSE,2024-07-09T00:00:00Z,69,B9,1.2168231517843173,2.43
12:58:41,10,0.666502,1.318369,0.812027,79.4,27.34,29.83,97.74,3.1,121,B,Transplantation,TRUE,FALSE,2024-07-09T00:00:00Z,69,B10,1.4632352553456347,2.5
12:58:51,11,0.217748,1.108797,0.77436,75.34,27.38,28.32,97.75,1.4,120,B,Transplantation,TRUE,FALSE,2024-07-09T00:00:00Z,69,B11,1.2330960728639735,2.67
12:59:00,12,0.621463,1.010334,0.766131,77.67,27.42,28.29,97.75,4.2,112,B,Transplantation,TRUE,FALSE,2024-07-09T00:00:00Z,69,B12,1.1865920438603208,2.82
12:59:10,1,0.806995,1.259524,0.758465,80.08,27.46,29.77,97.75,1.6,97,C,Germination,FALSE,TRUE,2024-07-09T00:00:00Z,69,C1,1.1442822638913743,2.98
12:59:19,2,1.021224,0.892118,0.766278,79.49,27.5,28.12,97.75,1.9,120,C,Germination,FALSE,TRUE,2024-07-09T00:00:00Z,69,C2,1.187412653283876,3.13
12:59:26,3,0.467113,1.288818,0.755277,78.07,27.52,29.63,97.75,7.9,199,C,Germination,FALSE,TRUE,2024-07-09T00:00:00Z,69,C3,1.1269576107038637,3.25
12:59:37,5,0.367908,1.280264,0.680484,77.29,27.57,29.51,97.74,1,276,C,Germination,FALSE,TRUE,2024-07-09T00:00:00Z,69,C5,0.7559969588806905,3.43
12:59:43,6,0.343467,1.291848,0.651672,76.79,27.6,29.5,97.74,7,290,C,Germination,FALSE,TRUE,2024-07-09T00:00:00Z,69,C6,0.6263968032522869,3.53
12:59:48,7,0.572462,1.419327,0.965274,79.08,27.62,30.38,97.74,4.9,291,C,Germination,FALSE,TRUE,2024-07-09T00:00:00Z,69,C7,3.324923312938158,3.62
12:59:58,8,0.512328,1.187083,0.726968,77.6,27.67,29.23,97.74,2.3,381,C,Germination,FALSE,TRUE,2024-07-09T00:00:00Z,69,C8,0.9792934556256709,3.78
13:00:02,9,0.499461,1.358732,0.684485,78.06,27.69,30.03,97.74,4.5,346,C,Germination,FALSE,TRUE,2024-07-09T00:00:00Z,69,C9,0.774460506249971,3.85
13:00:08,10,0.411054,1.319834,0.699706,77.14,27.72,29.75,97.74,5.6,364,C,Germination,FALSE,TRUE,2024-07-09T00:00:00Z,69,C10,0.8458982520489999,3.95
13:00:13,11,0.392374,1.450594,0.646147,77.47,27.74,30.35,97.74,1.9,453,C,Germination,FALSE,TRUE,2024-07-09T00:00:00Z,69,C11,0.6021454594210733,4.03
13:00:20,12,0.38769,1.266062,0.659919,77.01,27.77,29.54,97.74,1.8,382,C,Germination,FALSE,TRUE,2024-07-09T00:00:00Z,69,C12,0.6629332756853328,4.15
13:00:35,1,0.34014,1.41686,0.702232,76.49,27.84,30.13,97.74,2,416,D,Germ+Trans,TRUE,TRUE,2024-07-09T00:00:00Z,69,D1,0.8579491739496976,4.4
13:00:43,2,0.436877,1.285639,0.737213,77.04,27.89,29.71,97.74,2.8,329,D,Germ+Trans,TRUE,TRUE,2024-07-09T00:00:00Z,69,D2,1.0315330418206865,4.53
13:00:49,3,0.804204,1.059538,0.996619,78.55,27.91,29.01,97.74,8.5,371,D,Germ+Trans,TRUE,TRUE,2024-07-09T00:00:00Z,69,D3,5.686197026760222,4.63
13:00:53,4,0.648163,1.281171,0.996621,78.63,27.93,29.97,97.74,5.5,402,D,Germ+Trans,TRUE,TRUE,2024-07-09T00:00:00Z,69,D4,5.686790749536729,4.7
13:00:59,5,0.487807,1.281382,0.726677,77.68,27.96,29.85,97.74,5,415,D,Germ+Trans,TRUE,TRUE,2024-07-09T00:00:00Z,69,D5,0.9778278411998876,4.8
13:01:05,6,0.486049,1.447322,0.736967,78.36,27.99,30.64,97.75,2.6,283,D,Germ+Trans,TRUE,TRUE,2024-07-09T00:00:00Z,69,D6,1.0302636154758829,4.9
13:01:13,7,0.23496,1.808615,0.714379,76.89,28.03,31.84,97.75,5.7,449,D,Germ+Trans,TRUE,TRUE,2024-07-09T00:00:00Z,69,D7,0.9167478766594471,5.03
13:01:24,8,0.851646,1.092995,0.739203,79.59,28.08,29.45,97.75,9.3,400,D,Germ+Trans,TRUE,TRUE,2024-07-09T00:00:00Z,69,D8,1.0418302518419453,5.22
13:01:35,10,0.647378,0.997257,0.73024,77.38,28.14,28.72,97.75,1.4,425,D,Germ+Trans,TRUE,TRUE,2024-07-09T00:00:00Z,69,D10,0.9958405724201654,5.4
13:01:40,11,0.527867,1.110414,0.730527,77.24,28.16,29.2,97.75,4,428,D,Germ+Trans,TRUE,TRUE,2024-07-09T00:00:00Z,69,D11,0.9972979916919507,5.48
13:01:48,12,0.431103,1.316703,0.733102,77.68,28.2,30.16,97.75,3.2,437,D,Germ+Trans,TRUE,TRUE,2024-07-09T00:00:00Z,69,D12,1.0104182834274265,5.62
12:35:15,1,0.109753,1.67923,0.705402,56.39,28.32,28.29,98.21,3,283,A,Control,FALSE,FALSE,2024-07-02T00:00:00Z,62,A1,0.8731561379294744,0
12:35:23,2,-0.083187,1.815289,0.723783,53.9,28.34,28.48,98.21,2.9,284,A,Control,FALSE,FALSE,2024-07-02T00:00:00Z,62,A2,0.963304835019837,0.13
12:35:30,3,0.2629,1.528044,0.690313,58.14,28.37,27.94,98.21,2.5,302,A,Control,FALSE,FALSE,2024-07-02T00:00:00Z,62,A3,0.8015830079315893,0.25
12:35:41,4,-0.069287,1.620616,0.698979,55.15,28.4,27.85,98.21,3.5,412,A,Control,FALSE,FALSE,2024-07-02T00:00:00Z,62,A4,0.8424406691069564,0.43
12:35:50,5,-0.044946,1.613803,0.72959,55.41,28.43,27.89,98.22,6.7,333,A,Control,FALSE,FALSE,2024-07-02T00:00:00Z,62,A5,0.9925434067923374,0.58
12:35:58,6,-0.272554,1.720184,0.722909,52.15,28.46,27.81,98.2,3.7,193,A,Control,FALSE,FALSE,2024-07-02T00:00:00Z,62,A6,0.9589373776914024,0.72
12:36:03,7,9.88e-4,1.704372,0.707309,56.35,28.48,28.49,98.2,4.2,460,A,Control,FALSE,FALSE,2024-07-02T00:00:00Z,62,A7,0.8823501833873121,0.8
12:36:19,8,0.237773,1.420919,0.714051,59.5,28.55,27.81,98.21,2.7,332,A,Control,FALSE,FALSE,2024-07-02T00:00:00Z,62,A8,0.9151409151197838,1.07
12:36:27,9,-0.175653,1.7204,0.828918,54.65,28.59,28.32,98.21,3.7,297,A,Control,FALSE,FALSE,2024-07-02T00:00:00Z,62,A9,1.5779782621607061,1.2
12:36:34,10,-0.110699,1.822654,0.71026,55.04,28.62,28.85,98.21,2.3,394,A,Control,FALSE,FALSE,2024-07-02T00:00:00Z,62,A10,0.8966471310711303,1.32
12:36:40,11,0.007533,2.096276,0.685966,56.49,28.65,30.25,98.2,8.9,355,A,Control,FALSE,FALSE,2024-07-02T00:00:00Z,62,A11,0.7813268035142522,1.42
12:36:50,12,0.282638,1.921546,0.6918,61.1,28.7,30.31,98.2,2.5,463,A,Control,FALSE,FALSE,2024-07-02T00:00:00Z,62,A12,0.8085479736170529,1.58
12:37:03,1,0.130817,1.572638,0.715461,57.17,28.77,28.21,98.2,3.4,449,B,Transplantation,TRUE,FALSE,2024-07-02T00:00:00Z,62,B1,0.9220567634009217,1.8
12:37:18,2,-0.314519,1.71592,0.738015,50.71,28.85,27.74,98.2,2.9,299,B,Transplantation,TRUE,FALSE,2024-07-02T00:00:00Z,62,B2,1.0356768993834236,2.05
12:37:26,3,0.075766,1.637171,0.711939,55.64,28.9,28.3,98.21,3.8,443,B,Transplantation,TRUE,FALSE,2024-07-02T00:00:00Z,62,B3,0.9048199703205605,2.18
12:37:41,5,-0.339662,1.751573,0.705504,49.15,28.98,27.68,98.2,7.2,470,B,Transplantation,TRUE,FALSE,2024-07-02T00:00:00Z,62,B5,0.8736470203581241,2.43
12:37:47,6,0.107632,1.532877,0.736603,54.52,29.01,27.69,98.21,4.6,401,B,Transplantation,TRUE,FALSE,2024-07-02T00:00:00Z,62,B6,1.028386677046758,2.53
12:37:56,8,0.048942,1.651967,0.698194,53.64,29.06,28.1,98.21,3.3,484,B,Transplantation,TRUE,FALSE,2024-07-02T00:00:00Z,62,B8,0.8387125742559652,2.68
12:38:09,9,-0.31452599999999997,1.86833,0.73844,48.41,29.13,28.16,98.22,2.5,315,B,Transplantation,TRUE,FALSE,2024-07-02T00:00:00Z,62,B9,1.0378761502092935,2.9
12:38:15,10,0.109182,1.647003,0.733349,54.95,29.17,28.37,98.22,5.4,397,B,Transplantation,TRUE,FALSE,2024-07-02T00:00:00Z,62,B10,1.0116810268124934,3
12:38:22,11,0.00865,1.771802,0.726569,53.73,29.2,28.72,98.22,4.3,430,B,Transplantation,TRUE,FALSE,2024-07-02T00:00:00Z,62,B11,0.9772841495715004,3.12
12:38:33,12,-0.167874,2.453461,0.755039,49.52,29.27,30.86,98.21,3.5,403,B,Transplantation,TRUE,FALSE,2024-07-02T00:00:00Z,62,B12,1.1256703893438658,3.3
12:38:51,1,-0.023892,1.823847,0.723224,51.75,29.37,28.69,98.21,5.8,287,C,Germination,FALSE,TRUE,2024-07-02T00:00:00Z,62,C1,0.9605104795859477,3.6
12:39:11,3,0.189173,1.228443,0.734367,52.79,29.49,26.19,98.21,2.3,278,C,Germination,FALSE,TRUE,2024-07-02T00:00:00Z,62,C3,1.0168932467839538,3.93
12:39:18,4,-0.189705,1.753788,0.715734,48.73,29.52,27.9,98.21,5.2,306,C,Germination,FALSE,TRUE,2024-07-02T00:00:00Z,62,C4,0.923398170029462,4.05
12:39:30,6,-0.116161,1.711913,0.744875,49.75,29.59,27.94,98.21,8.5,340,C,Germination,FALSE,TRUE,2024-07-02T00:00:00Z,62,C6,1.0714627979371338,4.25
12:39:38,7,0.061898,1.404622,0.711925,51.79,29.63,26.93,98.21,3.7,319,C,Germination,FALSE,TRUE,2024-07-02T00:00:00Z,62,C7,0.9047517058849064,4.38
12:40:00,10,0.017994,1.445999,0.737448,50.33,29.73,26.9,98.22,2.7,314,C,Germination,FALSE,TRUE,2024-07-02T00:00:00Z,62,C10,1.0327464196020564,4.75
12:40:05,11,-0.062596,1.69241,0.698709,49.07,29.76,27.81,98.22,7.4,279,C,Germination,FALSE,TRUE,2024-07-02T00:00:00Z,62,C11,0.8411577714110609,4.83
12:40:10,12,-0.186518,1.897489,0.734238,47.31,29.78,28.41,98.22,6.4,284,C,Germination,FALSE,TRUE,2024-07-02T00:00:00Z,62,C12,1.0162320553141597,4.92
12:40:23,1,0.443042,1.400578,0.734044,54.22,29.84,27.52,98.22,2.6,390,D,Germ+Trans,TRUE,TRUE,2024-07-02T00:00:00Z,62,D1,1.015238090756406,5.13
12:40:31,2,0.169853,1.545266,0.738734,52.64,29.88,27.9,98.22,8.7,335,D,Germ+Trans,TRUE,TRUE,2024-07-02T00:00:00Z,62,D2,1.0393988648565147,5.27
12:40:41,4,-0.222882,1.511603,0.992288,48.2,29.93,26.89,98.23,1.3,310,D,Germ+Trans,TRUE,TRUE,2024-07-02T00:00:00Z,62,D4,4.857235830421821,5.43
12:40:48,5,-0.211877,1.75667,0.750165,47.4,29.96,27.89,98.23,5.7,295,D,Germ+Trans,TRUE,TRUE,2024-07-02T00:00:00Z,62,D5,1.0994924823675376,5.55
12:40:53,6,-0.076623,1.830214,0.747391,49.23,29.99,28.58,98.23,3.7,318,D,Germ+Trans,TRUE,TRUE,2024-07-02T00:00:00Z,62,D6,1.0847456364988077,5.63
12:41:00,7,-0.050944,1.641677,0.731705,49.07,30.02,27.72,98.23,7.6,355,D,Germ+Trans,TRUE,TRUE,2024-07-02T00:00:00Z,62,D7,1.0032903058657614,5.75
12:41:05,8,0.08732,1.354897,0.751311,50.46,30.05,26.67,98.23,4.1,332,D,Germ+Trans,TRUE,TRUE,2024-07-02T00:00:00Z,62,D8,1.1056165607211605,5.83
12:41:17,10,0.182154,1.59967,0.732724,51.17,30.1,27.99,98.24,1.2,349,D,Germ+Trans,TRUE,TRUE,2024-07-02T00:00:00Z,62,D10,1.0084872638337403,6.03
12:41:22,11,-0.001564,2.511519,0.732939,49.24,30.13,31.44,98.24,4,351,D,Germ+Trans,TRUE,TRUE,2024-07-02T00:00:00Z,62,D11,1.0095853820527074,6.12
13:00:18,1,0.57346,1.374096,0.9768,70.55,25.57,27.54,97.86,6.2,452,A,Control,FALSE,FALSE,2024-07-11T00:00:00Z,71,A1,3.740129644124231,0
13:00:23,2,0.641821,1.602484,0.707451,73.59,25.59,29.02,97.86,7.1,408,A,Control,FALSE,FALSE,2024-07-11T00:00:00Z,71,A2,0.8830361951591251,0.08
13:00:29,3,0.607772,1.337473,0.700954,73.15,25.62,27.8,97.86,3.2,288,A,Control,FALSE,FALSE,2024-07-11T00:00:00Z,71,A3,0.8518448566279586,0.18
13:00:35,4,0.708205,1.36091,0.702358,74.66,25.64,28.14,97.85,2.7,394,A,Control,FALSE,FALSE,2024-07-11T00:00:00Z,71,A4,0.8585518235110752,0.28
13:00:43,5,0.522209,1.299688,0.712802,73.25,25.67,27.68,97.85,2.1,521,A,Control,FALSE,FALSE,2024-07-11T00:00:00Z,71,A5,0.9090318086272816,0.42
13:00:48,6,0.566151,1.327467,0.686243,73.87,25.69,27.91,97.85,4.5,522,A,Control,FALSE,FALSE,2024-07-11T00:00:00Z,71,A6,0.7826129914533332,0.5
13:00:54,7,0.461136,1.613153,0.855357,74.38,25.71,29.25,97.85,5,468,A,Control,FALSE,FALSE,2024-07-11T00:00:00Z,71,A7,1.7772502880700158,0.6
13:00:59,8,0.636574,1.374544,0.693478,75.55,25.74,28.4,97.85,4.2,456,A,Control,FALSE,FALSE,2024-07-11T00:00:00Z,71,A8,0.8164299851675896,0.68
13:01:08,9,0.458524,1.566042,0.695469,75.24,25.77,29.21,97.85,7.4,428,A,Control,FALSE,FALSE,2024-07-11T00:00:00Z,71,A9,0.8258135499121603,0.83
13:01:14,10,0.659522,1.360279,0.687928,76.16,25.8,28.47,97.85,6.6,514,A,Control,FALSE,FALSE,2024-07-11T00:00:00Z,71,A10,0.7904502508771094,0.93
13:01:21,11,0.337516,1.566138,0.684239,73.71,25.83,29.03,97.86,1.8,352,A,Control,FALSE,FALSE,2024-07-11T00:00:00Z,71,A11,0.7733216734841261,1.05
13:01:34,1,0.5002,1.377872,0.714563,74.75,25.88,28.39,97.86,4.5,510,B,Transplantation,TRUE,FALSE,2024-07-11T00:00:00Z,71,B1,0.9176498277840717,1.27
13:01:45,2,0.476827,1.199425,0.720631,74.2,25.94,27.54,97.86,2.1,489,B,Transplantation,TRUE,FALSE,2024-07-11T00:00:00Z,71,B2,0.94759372846733,1.45
13:01:57,4,0.405704,1.180467,0.856282,72.09,25.99,27.15,97.85,2.8,261,B,Transplantation,TRUE,FALSE,2024-07-11T00:00:00Z,71,B4,1.7847467149400686,1.65
13:02:02,5,0.451749,1.256525,0.740461,72.48,26.01,27.58,97.85,8,457,B,Transplantation,TRUE,FALSE,2024-07-11T00:00:00Z,71,B5,1.048365984873058,1.73
13:02:07,6,0.523172,1.100539,0.755932,72.62,26.03,26.89,97.85,2.6,194,B,Transplantation,TRUE,FALSE,2024-07-11T00:00:00Z,71,B6,1.1305045500527455,1.82
13:02:13,7,0.400954,1.191514,0.749967,72.41,26.06,27.3,97.86,5.4,355,B,Transplantation,TRUE,FALSE,2024-07-11T00:00:00Z,71,B7,1.098436296411315,1.92
13:02:18,8,0.440209,1.037024,0.736667,71.93,26.08,26.5,97.86,2.3,452,B,Transplantation,TRUE,FALSE,2024-07-11T00:00:00Z,71,B8,1.0287165673629026,2
13:02:29,9,0.4721,1.031534,0.728981,72.12,26.13,26.54,97.86,2.1,425,B,Transplantation,TRUE,FALSE,2024-07-11T00:00:00Z,71,B9,0.9894587394457048,2.18
13:02:34,10,0.291506,1.317884,0.70478,71.81,26.15,27.85,97.85,1.2,428,B,Transplantation,TRUE,FALSE,2024-07-11T00:00:00Z,71,B10,0.8701648562659937,2.27
13:02:40,11,0.424677,0.999817,0.73693,71.79,26.18,26.36,97.85,9,389,B,Transplantation,TRUE,FALSE,2024-07-11T00:00:00Z,71,B11,1.0300727515718917,2.37
13:02:51,12,0.292789,1.236553,0.711887,71.02,26.23,27.4,97.84,3.2,370,B,Transplantation,TRUE,FALSE,2024-07-11T00:00:00Z,71,B12,0.904566426657817,2.55
13:03:01,1,0.370677,1.289959,0.709559,72.31,26.27,27.88,97.85,2.3,292,B,Transplantation,TRUE,FALSE,2024-07-11T00:00:00Z,71,B1,0.893243192737618,2.72
13:03:12,1,0.513225,1.045976,0.739715,73.42,26.32,26.96,97.85,9,275,C,Germination,FALSE,TRUE,2024-07-11T00:00:00Z,71,C1,1.0444877923557736,2.9
13:03:40,2,0.466345,1.146356,0.692957,72.51,26.45,27.38,97.85,1.9,301,C,Germination,FALSE,TRUE,2024-07-11T00:00:00Z,71,C2,0.8139801452771614,3.37
13:03:46,3,0.337663,1.305383,0.723229,71.91,26.48,28.03,97.85,4.6,333,C,Germination,FALSE,TRUE,2024-07-11T00:00:00Z,71,C3,0.9605354583627684,3.47
13:03:55,4,0.251035,1.250073,0.703107,71.42,26.53,27.73,97.85,4.2,416,C,Germination,FALSE,TRUE,2024-07-11T00:00:00Z,71,C4,0.8621372805352665,3.62
13:04:03,5,0.272222,1.114674,0.710601,70.57,26.56,26.99,97.86,5.2,250,C,Germination,FALSE,TRUE,2024-07-11T00:00:00Z,71,C5,0.8983047320810097,3.75
13:04:18,7,0.265138,1.092074,0.824206,70.78,26.63,26.96,97.85,3.9,318,C,Germination,FALSE,TRUE,2024-07-11T00:00:00Z,71,C7,1.5451076436888664,4
13:04:27,8,0.29042,1.009591,0.741338,70.27,26.68,26.51,97.85,8,227,C,Germination,FALSE,TRUE,2024-07-11T00:00:00Z,71,C8,1.0529344715313285,4.15
13:04:36,9,0.223314,0.995259,0.713824,69.7,26.71,26.36,97.85,4.2,354,C,Germination,FALSE,TRUE,2024-07-11T00:00:00Z,71,C9,0.9140294271906009,4.3
13:04:41,10,0.226679,1.018489,0.716937,69.46,26.73,26.45,97.85,6.1,354,C,Germination,FALSE,TRUE,2024-07-11T00:00:00Z,71,C10,0.9293184829211611,4.38
13:04:46,11,0.223386,1.041237,0.711605,69.14,26.75,26.52,97.85,6.3,337,C,Germination,FALSE,TRUE,2024-07-11T00:00:00Z,71,C11,0.903191913957726,4.47
13:04:51,12,0.074062,1.735646,0.676867,68.35,26.77,29.54,97.85,2.1,320,C,Germination,FALSE,TRUE,2024-07-11T00:00:00Z,71,C12,0.7394107954874558,4.55
13:05:03,1,0.100212,2.095623,0.686656,69.53,26.82,31.18,97.85,1.9,479,D,Germ+Trans,TRUE,TRUE,2024-07-11T00:00:00Z,71,D1,0.7845318104445843,4.75
13:05:13,2,0.56749,1.026685,0.731028,71.6,26.88,26.96,97.85,4.8,442,D,Germ+Trans,TRUE,TRUE,2024-07-11T00:00:00Z,71,D2,0.9998444777449317,4.92
13:05:26,3,0.393912,1.202718,0.727632,70.62,26.93,27.66,97.86,5.3,435,D,Germ+Trans,TRUE,TRUE,2024-07-11T00:00:00Z,71,D3,0.9826413328135573,5.13
13:05:41,5,0.209261,1.107242,0.944153,69.38,27,27.05,97.85,4.3,387,D,Germ+Trans,TRUE,TRUE,2024-07-11T00:00:00Z,71,D5,2.82767242052012,5.38
13:05:55,7,0.251064,1.201456,0.731996,69.81,27.06,27.61,97.85,2.9,394,D,Germ+Trans,TRUE,TRUE,2024-07-11T00:00:00Z,71,D7,1.0047731436928982,5.62
13:06:08,9,0.2808,1.048028,0.763978,69.41,27.12,26.86,97.85,7.5,282,D,Germ+Trans,TRUE,TRUE,2024-07-11T00:00:00Z,71,D9,1.1746139719205477,5.83
13:06:26,12,0.107789,1.100445,0.737041,67.16,27.19,26.77,97.85,6.7,370,D,Germ+Trans,TRUE,TRUE,2024-07-11T00:00:00Z,71,D12,1.0306453950892385,6.13
12:09:38,1,0.95018,1.289695,0.696343,83.31,24.86,28.55,97.88,2.8,194,A,Control,FALSE,FALSE,2024-07-18T00:00:00Z,78,A1,0.8299435800976264,0
12:09:49,2,0.930802,1.122228,0.73057,84.09,24.92,27.95,97.88,4.2,466,A,Control,FALSE,FALSE,2024-07-18T00:00:00Z,78,A2,0.9975164350264353,0.18
12:10:14,5,0.850077,0.972813,0.714396,86.39,25.08,27.72,97.87,2.4,400,A,Control,FALSE,FALSE,2024-07-18T00:00:00Z,78,A5,0.9168311944728783,0.6
12:10:21,6,0.84655,1.140761,0.707194,87.81,25.11,28.7,97.87,4.5,397,A,Control,FALSE,FALSE,2024-07-18T00:00:00Z,78,A6,0.8817947534440659,0.72
12:10:34,7,0.926933,1.08858,0.714732,88.57,25.18,28.62,97.87,4.3,473,A,Control,FALSE,FALSE,2024-07-18T00:00:00Z,78,A7,0.9184785579617348,0.93
12:10:42,8,0.893907,1.129396,0.701527,88.73,25.22,28.85,97.87,4.9,285,A,Control,FALSE,FALSE,2024-07-18T00:00:00Z,78,A8,0.8545799112737825,1.07
12:10:53,9,1.099096,1.047889,0.713192,89.6,25.28,28.67,97.87,6.1,320,A,Control,FALSE,FALSE,2024-07-18T00:00:00Z,78,A9,0.910937666536934,1.25
12:11:04,10,0.664038,1.329672,0.71631,88.53,25.34,29.76,97.88,4.3,361,A,Control,FALSE,FALSE,2024-07-18T00:00:00Z,78,A10,0.9262309414623535,1.43
12:11:36,11,0.994214,1.128265,0.699112,89.58,25.54,29.21,97.88,2.6,464,A,Control,FALSE,FALSE,2024-07-18T00:00:00Z,78,A11,0.8430728558151238,1.97
12:11:46,12,0.793627,1.228811,0.712148,89.16,25.61,29.62,97.87,4.8,458,A,Control,FALSE,FALSE,2024-07-18T00:00:00Z,78,A12,0.905839295818636,2.13
12:12:04,1,1.136955,0.988974,0.727525,89.51,25.73,28.74,97.87,4.2,428,B,Transplantation,TRUE,FALSE,2024-07-18T00:00:00Z,78,B1,0.9821014959410028,2.43
12:12:14,2,1.385465,0.804312,0.718433,88.76,25.81,27.87,97.87,6.7,333,B,Transplantation,TRUE,FALSE,2024-07-18T00:00:00Z,78,B2,0.936702021428122,2.6
12:12:32,4,1.020924,0.716851,0.76674,86.2,25.92,27.15,97.86,5,290,B,Transplantation,TRUE,FALSE,2024-07-18T00:00:00Z,78,B4,1.1899940495857628,2.9
12:12:40,5,0.661252,1.080981,0.725721,85.84,25.97,28.79,97.86,6.7,415,B,Transplantation,TRUE,FALSE,2024-07-18T00:00:00Z,78,B5,0.9730198069426912,3.03
12:12:47,6,0.847303,0.911778,0.763894,85.83,26.02,28.07,97.86,5.1,221,B,Transplantation,TRUE,FALSE,2024-07-18T00:00:00Z,78,B6,1.174148179356086,3.15
12:12:58,7,0.73277,0.904922,0.768331,85.23,26.09,28.01,97.86,4.6,262,B,Transplantation,TRUE,FALSE,2024-07-18T00:00:00Z,78,B7,1.198911001093265,3.33
12:13:15,9,0.844258,0.863423,0.987853,84.6,26.2,27.8,97.86,3.7,414,B,Transplantation,TRUE,FALSE,2024-07-18T00:00:00Z,78,B9,4.398451675534981,3.62
12:13:20,10,0.82732000000000006,0.795911,0.751687,84.08,26.23,27.44,97.86,5.2,277,B,Transplantation,TRUE,FALSE,2024-07-18T00:00:00Z,78,B10,1.1076299667360454,3.7
12:13:25,11,0.793314,0.791572,0.750121,83.78,26.26,27.39,97.87,3,273,B,Transplantation,TRUE,FALSE,2024-07-18T00:00:00Z,78,B11,1.0992577261544276,3.78
12:13:34,12,0.649091,0.873286,0.72387,83.34,26.32,27.75,97.86,6.5,359,B,Transplantation,TRUE,FALSE,2024-07-18T00:00:00Z,78,B12,0.9637400489347998,3.93
12:13:52,1,0.607533,0.974754,0.730751,83.21,26.43,28.27,97.87,2.7,230,C,Germination,FALSE,TRUE,2024-07-18T00:00:00Z,78,C1,0.99843617043831,4.23
12:14:02,2,0.588472,0.966239,0.712622,83.05,26.49,28.25,97.87,2.7,258,C,Germination,FALSE,TRUE,2024-07-18T00:00:00Z,78,C2,0.9081527032048278,4.4
12:14:06,3,0.653133,0.974254,0.742349,83.56,26.52,28.39,97.87,2.6,226,C,Germination,FALSE,TRUE,2024-07-18T00:00:00Z,78,C3,1.058213526990681,4.47
12:14:16,4,0.724968,0.835794,0.712055,82.95,26.58,27.72,97.87,3.7,262,C,Germination,FALSE,TRUE,2024-07-18T00:00:00Z,78,C4,0.9053856659433694,4.63
12:14:32,7,0.721507,0.894407,0.74287,83.11,26.68,28.08,97.87,4.8,180,C,Germination,FALSE,TRUE,2024-07-18T00:00:00Z,78,C7,1.0609392694778357,4.9
12:14:46,9,0.613018,0.918476,0.701603,82.56,26.76,28.17,97.88,4.7,275,C,Germination,FALSE,TRUE,2024-07-18T00:00:00Z,78,C9,0.8549429023297735,5.13
12:14:52,10,0.577012,0.886375,0.717868,82.05,26.8,27.97,97.87,5.5,257,C,Germination,FALSE,TRUE,2024-07-18T00:00:00Z,78,C10,0.9339106616088627,5.23
12:14:58,11,0.497844,0.94324,0.717162,81.73,26.84,28.21,97.88,4,142,C,Germination,FALSE,TRUE,2024-07-18T00:00:00Z,78,C11,0.9304274609258801,5.33
12:15:04,12,0.38032,1.1508,0.700276,81.37,26.87,29.08,97.87,2.1,296,C,Germination,FALSE,TRUE,2024-07-18T00:00:00Z,78,C12,0.848612491851045,5.43
12:15:24,1,0.578591,0.768865,0.755724,81.91,26.99,27.56,97.87,3.6,339,D,Germ+Trans,TRUE,TRUE,2024-07-18T00:00:00Z,78,D1,1.1293774965879286,5.77
12:15:37,3,0.454505,0.99919500000000006,0.758343,81.48,27.07,28.59,97.86,2.9,253,D,Germ+Trans,TRUE,TRUE,2024-07-18T00:00:00Z,78,D3,1.1436164245018992,5.98
12:15:50,4,0.572059,0.70108,0.757135,80.7,27.14,27.16,97.86,8.1,295,D,Germ+Trans,TRUE,TRUE,2024-07-18T00:00:00Z,78,D4,1.1370358396657387,6.2
12:15:54,5,0.555313,0.740234,0.838422,80.63,27.17,27.36,97.87,4.7,320,D,Germ+Trans,TRUE,TRUE,2024-07-18T00:00:00Z,78,D5,1.6465335554750868,6.27
12:16:01,6,0.515849,0.845699,0.775039,80.76,27.21,27.89,97.87,4.4,287,D,Germ+Trans,TRUE,TRUE,2024-07-18T00:00:00Z,78,D6,1.2369862968207255,6.38
12:16:22,7,0.40584,1.03159,0.758194,81,27.33,28.85,97.86,8.6,311,D,Germ+Trans,TRUE,TRUE,2024-07-18T00:00:00Z,78,D7,1.1428035378030155,6.73
12:16:30,8,0.458528,0.743414,0.996574,80.07,27.38,27.45,97.86,9.8,241,D,Germ+Trans,TRUE,TRUE,2024-07-18T00:00:00Z,78,D8,5.672929996903463,6.87
12:16:36,9,0.430382,0.844033,0.751994,80.06,27.41,27.93,97.86,4.4,322,D,Germ+Trans,TRUE,TRUE,2024-07-18T00:00:00Z,78,D9,1.1092754057738956,6.97
12:16:52,11,0.439208,0.75226,0.75493,79.62,27.51,27.51,97.86,4.7,312,D,Germ+Trans,TRUE,TRUE,2024-07-18T00:00:00Z,78,D11,1.1250811456970262,7.23
12:17:09,12,0.260838,0.73344,0.767288,78.51,27.6,27.31,97.87,5.1,197,D,Germ+Trans,TRUE,TRUE,2024-07-18T00:00:00Z,78,D12,1.1930605822849731,7.52
